-- MILITARY

-- ------------------------------------
-- ------------------------------------
--  Joshua's Trumpet
-- ------------------------------------
-- ------------------------------------
INSERT INTO Types (Type, Kind) VALUES ('SDG_ABILITY_JOSHUAS_TRUMPET', 'KIND_ABILITY') ; 
INSERT INTO TypeTags (Type, Tag) VALUES ('SDG_ABILITY_JOSHUAS_TRUMPET', 'DB_CLASS_LAND_COMBAT') ; 
INSERT INTO UnitAbilities (UnitAbilityType, Name, Description, Inactive) VALUES ('SDG_ABILITY_JOSHUAS_TRUMPET', 'LOC_SDG_ABILITY_JOSHUAS_TRUMPET_NAME', 'LOC_SDG_ABILITY_JOSHUAS_TRUMPET_DESCRIPTION', 1) ;

INSERT INTO Types (Type, Kind) VALUES ('SDG_JOSHUAS_TRUMPET', 'KIND_BELIEF') ; 
INSERT INTO Beliefs (BeliefType, Name, Description, BeliefClassType) VALUES ('SDG_JOSHUAS_TRUMPET', 'LOC_SDG_JOSHUAS_TRUMPET', 'LOC_SDG_JOSHUAS_TRUMPET_DESCRIPTION', 'SDG_BELIEF_CLASS_199') ;
UPDATE Beliefs SET BeliefClassType = 'SDG_BELIEF_CLASS_' || (SELECT cast(COUNT(BeliefType) + 9 as text) FROM Beliefs WHERE BeliefClassType LIKE 'SDG_BELIEF_CLASS_%') WHERE BeliefClassType = 'SDG_BELIEF_CLASS_199' ;
INSERT INTO BeliefModifiers (BeliefType, ModifierID) VALUES ('SDG_JOSHUAS_TRUMPET', 'SDG_JOSHUAS_TRUMPET_CITIES_ATTACH_MODIFIER') ; 
INSERT INTO Modifiers (ModifierId, ModifierType, SubjectRequirementSetId) VALUES ('SDG_JOSHUAS_TRUMPET_CITIES_ATTACH_MODIFIER', 'MODIFIER_ALL_CITIES_ATTACH_MODIFIER', 'CITY_FOLLOWS_RELIGION_REQUIREMENTS') ;
INSERT INTO ModifierArguments (ModifierId, Name, Value) VALUES ('SDG_JOSHUAS_TRUMPET_CITIES_ATTACH_MODIFIER', 'ModifierId', 'SDG_ACTIVATE_JOSHUAS_TRUMPET_COMBAT') ;
INSERT INTO Modifiers (ModifierId, ModifierType) VALUES ('SDG_ACTIVATE_JOSHUAS_TRUMPET_COMBAT', 'MODIFIER_SINGLE_CITY_GRANT_ABILITY_FOR_TRAINED_UNITS') ;
INSERT INTO ModifierArguments (ModifierId, Name, Value) VALUES ('SDG_ACTIVATE_JOSHUAS_TRUMPET_COMBAT', 'AbilityType', 'SDG_ABILITY_JOSHUAS_TRUMPET') ;

INSERT INTO Requirements (RequirementId, RequirementType, ProgressWeight) VALUES ('SDG_REQ_UNIT_HAS_JOSHUAS_TRUMPET', 'REQUIREMENT_UNIT_HAS_ABILITY', 1) ;
INSERT INTO RequirementArguments (RequirementId, Name, Value) VALUES ('SDG_REQ_UNIT_HAS_JOSHUAS_TRUMPET', 'UnitAbilityType', 'SDG_ABILITY_JOSHUAS_TRUMPET') ;
INSERT INTO RequirementSets (RequirementSetId, RequirementSetType) VALUES ('SDG_REQSET_UNIT_HAS_JOSHUAS_TRUMPET', 'REQUIREMENTSET_TEST_ALL') ;
INSERT INTO RequirementSetRequirements (RequirementSetId, RequirementId) VALUES ('SDG_REQSET_UNIT_HAS_JOSHUAS_TRUMPET', 'SDG_REQ_UNIT_HAS_JOSHUAS_TRUMPET') ;

INSERT INTO BeliefModifiers (BeliefType, ModifierID) VALUES ('SDG_JOSHUAS_TRUMPET', 'SDG_JOSHUAS_TRUMPET_UNIT_APPLIES_MODIFIER') ; 
INSERT INTO Modifiers (ModifierId, ModifierType, SubjectRequirementSetId) VALUES ('SDG_JOSHUAS_TRUMPET_UNIT_APPLIES_MODIFIER', 'MODIFIER_ALL_UNITS_ATTACH_MODIFIER', 'SDG_REQSET_UNIT_HAS_JOSHUAS_TRUMPET') ;
INSERT INTO ModifierArguments (ModifierId, Name, Value) VALUES ('SDG_JOSHUAS_TRUMPET_UNIT_APPLIES_MODIFIER', 'ModifierId', 'SDG_JOSHUAS_TRUMPET_COMBAT') ;
INSERT INTO Modifiers (ModifierId, ModifierType, SubjectRequirementSetId) VALUES ('SDG_JOSHUAS_TRUMPET_COMBAT', 'MODIFIER_UNIT_ADJUST_COMBAT_STRENGTH', 'DB_REQSET_ATTACKING_CITY_OR_ENCAMPMENT') ;
INSERT INTO ModifierArguments (ModifierId, Name, Value) VALUES ('SDG_JOSHUAS_TRUMPET_COMBAT', 'Amount', 10) ;
INSERT INTO ModifierStrings (ModifierId, Context, Text) VALUES ('SDG_JOSHUAS_TRUMPET_COMBAT', 'Preview', 'LOC_SDG_JOSHUAS_TRUMPET_COMBAT_DESCRIPTION') ;


-- ------------------------------------
-- ------------------------------------
--  Veni Vidi Vici
-- ------------------------------------
-- ------------------------------------
INSERT INTO Types (Type, Kind) VALUES ('SDG_ABILITY_VENI_VIDI_VICI', 'KIND_ABILITY') ; 
INSERT INTO TypeTags (Type, Tag) VALUES ('SDG_ABILITY_VENI_VIDI_VICI', 'DB_CLASS_LAND_COMBAT') ; 
INSERT INTO UnitAbilities (UnitAbilityType, Name, Description, Inactive) VALUES ('SDG_ABILITY_VENI_VIDI_VICI', 'LOC_SDG_ABILITY_VENI_VIDI_VICI_NAME', 'LOC_SDG_ABILITY_VENI_VIDI_VICI_DESCRIPTION', 1) ;

INSERT INTO Types (Type, Kind) VALUES ('SDG_VENI_VIDI_VICI', 'KIND_BELIEF') ; 
INSERT INTO Beliefs (BeliefType, Name, Description, BeliefClassType) VALUES ('SDG_VENI_VIDI_VICI', 'LOC_SDG_VENI_VIDI_VICI', 'LOC_SDG_VENI_VIDI_VICI_DESCRIPTION', 'SDG_BELIEF_CLASS_199') ;
UPDATE Beliefs SET BeliefClassType = 'SDG_BELIEF_CLASS_' || (SELECT cast(COUNT(BeliefType) + 9 as text) FROM Beliefs WHERE BeliefClassType LIKE 'SDG_BELIEF_CLASS_%') WHERE BeliefClassType = 'SDG_BELIEF_CLASS_199' ;
INSERT INTO BeliefModifiers (BeliefType, ModifierID) VALUES ('SDG_VENI_VIDI_VICI', 'SDG_VENI_VIDI_VICI_CITIES_ATTACH_MODIFIER') ; 
INSERT INTO Modifiers (ModifierId, ModifierType, SubjectRequirementSetId) VALUES ('SDG_VENI_VIDI_VICI_CITIES_ATTACH_MODIFIER', 'MODIFIER_ALL_CITIES_ATTACH_MODIFIER', 'CITY_FOLLOWS_RELIGION_REQUIREMENTS') ;
INSERT INTO ModifierArguments (ModifierId, Name, Value) VALUES ('SDG_VENI_VIDI_VICI_CITIES_ATTACH_MODIFIER', 'ModifierId', 'SDG_ACTIVATE_VENI_VIDI_VICI_COMBAT') ;
INSERT INTO Modifiers (ModifierId, ModifierType) VALUES ('SDG_ACTIVATE_VENI_VIDI_VICI_COMBAT', 'MODIFIER_SINGLE_CITY_GRANT_ABILITY_FOR_TRAINED_UNITS') ;
INSERT INTO ModifierArguments (ModifierId, Name, Value) VALUES ('SDG_ACTIVATE_VENI_VIDI_VICI_COMBAT', 'AbilityType', 'SDG_ABILITY_VENI_VIDI_VICI') ;

INSERT INTO Requirements (RequirementId, RequirementType, ProgressWeight) VALUES ('SDG_REQ_UNIT_HAS_VENI_VIDI_VICI', 'REQUIREMENT_UNIT_HAS_ABILITY', 1) ;
INSERT INTO RequirementArguments (RequirementId, Name, Value) VALUES ('SDG_REQ_UNIT_HAS_VENI_VIDI_VICI', 'UnitAbilityType', 'SDG_ABILITY_VENI_VIDI_VICI') ;
INSERT INTO RequirementSets (RequirementSetId, RequirementSetType) VALUES ('SDG_REQSET_UNIT_HAS_VENI_VIDI_VICI', 'REQUIREMENTSET_TEST_ALL') ;
INSERT INTO RequirementSetRequirements (RequirementSetId, RequirementId) VALUES ('SDG_REQSET_UNIT_HAS_VENI_VIDI_VICI', 'SDG_REQ_UNIT_HAS_VENI_VIDI_VICI') ;

INSERT INTO BeliefModifiers (BeliefType, ModifierID) VALUES ('SDG_VENI_VIDI_VICI', 'SDG_VENI_VIDI_VICI_UNIT_APPLIES_MODIFIER') ; 
INSERT INTO Modifiers (ModifierId, ModifierType, SubjectRequirementSetId) VALUES ('SDG_VENI_VIDI_VICI_UNIT_APPLIES_MODIFIER', 'MODIFIER_ALL_UNITS_ATTACH_MODIFIER', 'SDG_REQSET_UNIT_HAS_VENI_VIDI_VICI') ;
INSERT INTO ModifierArguments (ModifierId, Name, Value) VALUES ('SDG_VENI_VIDI_VICI_UNIT_APPLIES_MODIFIER', 'ModifierId', 'SDG_VENI_VIDI_VICI_COMBAT') ;
INSERT INTO Modifiers (ModifierId, ModifierType) VALUES ('SDG_VENI_VIDI_VICI_COMBAT', 'MODIFIER_UNIT_ADJUST_COMBAT_STRENGTH') ;
INSERT INTO ModifierArguments (ModifierId, Name, Value) VALUES ('SDG_VENI_VIDI_VICI_COMBAT', 'Amount', 2) ;
INSERT INTO ModifierStrings (ModifierId, Context, Text) VALUES ('SDG_VENI_VIDI_VICI_COMBAT', 'Preview', 'LOC_SDG_VENI_VIDI_VICI_COMBAT_DESCRIPTION') ;


-- ------------------------------------
-- ------------------------------------
--  Carthago Delenda Est
-- ------------------------------------
-- ------------------------------------
INSERT INTO Types (Type, Kind) VALUES ('SDG_ABILITY_CARTHAGO_DELENDA_EST', 'KIND_ABILITY') ; 
INSERT INTO TypeTags (Type, Tag) VALUES ('SDG_ABILITY_CARTHAGO_DELENDA_EST', 'DB_CLASS_LAND_COMBAT') ; 
INSERT INTO UnitAbilities (UnitAbilityType, Name, Description, Inactive) VALUES ('SDG_ABILITY_CARTHAGO_DELENDA_EST', 'LOC_SDG_ABILITY_CARTHAGO_DELENDA_EST_NAME', 'LOC_SDG_ABILITY_CARTHAGO_DELENDA_EST_DESCRIPTION', 1) ;

INSERT INTO Types (Type, Kind) VALUES ('SDG_CARTHAGO_DELENDA_EST', 'KIND_BELIEF') ; 
INSERT INTO Beliefs (BeliefType, Name, Description, BeliefClassType) VALUES ('SDG_CARTHAGO_DELENDA_EST', 'LOC_SDG_CARTHAGO_DELENDA_EST', 'LOC_SDG_CARTHAGO_DELENDA_EST_DESCRIPTION', 'SDG_BELIEF_CLASS_199') ;
UPDATE Beliefs SET BeliefClassType = 'SDG_BELIEF_CLASS_' || (SELECT cast(COUNT(BeliefType) + 9 as text) FROM Beliefs WHERE BeliefClassType LIKE 'SDG_BELIEF_CLASS_%') WHERE BeliefClassType = 'SDG_BELIEF_CLASS_199' ;
INSERT INTO BeliefModifiers (BeliefType, ModifierID) VALUES ('SDG_CARTHAGO_DELENDA_EST', 'SDG_CARTHAGO_DELENDA_EST_CITIES_ATTACH_MODIFIER') ; 
INSERT INTO Modifiers (ModifierId, ModifierType, SubjectRequirementSetId) VALUES ('SDG_CARTHAGO_DELENDA_EST_CITIES_ATTACH_MODIFIER', 'MODIFIER_ALL_CITIES_ATTACH_MODIFIER', 'CITY_FOLLOWS_RELIGION_REQUIREMENTS') ;
INSERT INTO ModifierArguments (ModifierId, Name, Value) VALUES ('SDG_CARTHAGO_DELENDA_EST_CITIES_ATTACH_MODIFIER', 'ModifierId', 'SDG_ACTIVATE_CARTHAGO_DELENDA_EST_COMBAT') ;
INSERT INTO Modifiers (ModifierId, ModifierType) VALUES ('SDG_ACTIVATE_CARTHAGO_DELENDA_EST_COMBAT', 'MODIFIER_SINGLE_CITY_GRANT_ABILITY_FOR_TRAINED_UNITS') ;
INSERT INTO ModifierArguments (ModifierId, Name, Value) VALUES ('SDG_ACTIVATE_CARTHAGO_DELENDA_EST_COMBAT', 'AbilityType', 'SDG_ABILITY_CARTHAGO_DELENDA_EST') ;

INSERT INTO Requirements (RequirementId, RequirementType, ProgressWeight) VALUES ('SDG_REQ_UNIT_HAS_CARTHAGO_DELENDA_EST', 'REQUIREMENT_UNIT_HAS_ABILITY', 1) ;
INSERT INTO RequirementArguments (RequirementId, Name, Value) VALUES ('SDG_REQ_UNIT_HAS_CARTHAGO_DELENDA_EST', 'UnitAbilityType', 'SDG_ABILITY_CARTHAGO_DELENDA_EST') ;
INSERT INTO RequirementSets (RequirementSetId, RequirementSetType) VALUES ('SDG_REQSET_UNIT_HAS_CARTHAGO_DELENDA_EST', 'REQUIREMENTSET_TEST_ALL') ;
INSERT INTO RequirementSetRequirements (RequirementSetId, RequirementId) VALUES ('SDG_REQSET_UNIT_HAS_CARTHAGO_DELENDA_EST', 'SDG_REQ_UNIT_HAS_CARTHAGO_DELENDA_EST') ;

INSERT INTO BeliefModifiers (BeliefType, ModifierID) VALUES ('SDG_CARTHAGO_DELENDA_EST', 'SDG_CARTHAGO_DELENDA_EST_UNIT_APPLIES_MODIFIER') ; 
INSERT INTO Modifiers (ModifierId, ModifierType, SubjectRequirementSetId) VALUES ('SDG_CARTHAGO_DELENDA_EST_UNIT_APPLIES_MODIFIER', 'MODIFIER_ALL_UNITS_ATTACH_MODIFIER', 'SDG_REQSET_UNIT_HAS_CARTHAGO_DELENDA_EST') ;
INSERT INTO ModifierArguments (ModifierId, Name, Value) VALUES ('SDG_CARTHAGO_DELENDA_EST_UNIT_APPLIES_MODIFIER', 'ModifierId', 'SDG_CARTHAGO_DELENDA_EST_COMBAT') ;
INSERT INTO Modifiers (ModifierId, ModifierType, SubjectRequirementSetId) VALUES ('SDG_CARTHAGO_DELENDA_EST_COMBAT', 'MODIFIER_UNIT_ADJUST_COMBAT_STRENGTH', 'REQUIREMENTS_OPPONENT_IS_OTHER_RELIGION') ;
INSERT INTO ModifierArguments (ModifierId, Name, Value) VALUES ('SDG_CARTHAGO_DELENDA_EST_COMBAT', 'Amount', 3) ;
INSERT INTO ModifierStrings (ModifierId, Context, Text) VALUES ('SDG_CARTHAGO_DELENDA_EST_COMBAT', 'Preview', 'LOC_SDG_CARTHAGO_DELENDA_EST_COMBAT_DESCRIPTION') ;


-- ------------------------------------
-- ------------------------------------
--  A Mighty Fortress
-- ------------------------------------
-- ------------------------------------
INSERT INTO Types (Type, Kind) VALUES ('SDG_A_MIGHTY_FORTRESS', 'KIND_BELIEF') ;
INSERT INTO Beliefs (BeliefType, Name, Description, BeliefClassType) VALUES ('SDG_A_MIGHTY_FORTRESS', 'LOC_SDG_A_MIGHTY_FORTRESS', 'LOC_SDG_A_MIGHTY_FORTRESS_DESCRIPTION', 'SDG_BELIEF_CLASS_199') ;
UPDATE Beliefs SET BeliefClassType = 'SDG_BELIEF_CLASS_' || (SELECT cast(COUNT(BeliefType) + 9 as text) FROM Beliefs WHERE BeliefClassType LIKE 'SDG_BELIEF_CLASS_%') WHERE BeliefClassType = 'SDG_BELIEF_CLASS_199' ;
INSERT INTO BeliefModifiers (BeliefType, ModifierID) VALUES ('SDG_A_MIGHTY_FORTRESS', 'SDG_A_MIGHTY_FORTRESS_INCREASE_CITY_OUTER_DEFENSE') ;
INSERT INTO Modifiers (ModifierId, ModifierType, SubjectRequirementSetId) VALUES ('SDG_A_MIGHTY_FORTRESS_INCREASE_CITY_OUTER_DEFENSE', 'DB_DM_CITIES_ADJUST_WALL_STRENGTH', 'CITY_FOLLOWS_RELIGION_REQUIREMENTS') ;
INSERT INTO ModifierArguments (ModifierId, Name, Value) VALUES ('SDG_A_MIGHTY_FORTRESS_INCREASE_CITY_OUTER_DEFENSE', 'Amount', 10) ;


-- ------------------------------------
-- ------------------------------------
--  A Memory of Solferino (+5 healing/turn to land units everywhere)
-- ------------------------------------
-- ------------------------------------
INSERT INTO Types (Type, Kind) VALUES ('SDG_ABILITY_A_MEMORY_OF_SOLFERINO_HEAL', 'KIND_ABILITY') ; 
INSERT INTO TypeTags (Type, Tag) VALUES ('SDG_ABILITY_A_MEMORY_OF_SOLFERINO_HEAL', 'DB_CLASS_LAND_COMBAT') ; 
INSERT INTO UnitAbilities (UnitAbilityType, Name, Description, Inactive) VALUES ('SDG_ABILITY_A_MEMORY_OF_SOLFERINO_HEAL', 'LOC_SDG_ABILITY_A_MEMORY_OF_SOLFERINO_HEAL_NAME', 'LOC_SDG_ABILITY_A_MEMORY_OF_SOLFERINO_HEAL_DESCRIPTION', 1) ;
INSERT INTO UnitAbilityModifiers (UnitAbilityType, ModifierId) VALUES ('SDG_ABILITY_A_MEMORY_OF_SOLFERINO_HEAL', 'SDG_ABILITY_SOLFERINO_MODIFIER') ;
INSERT INTO Modifiers (ModifierId, ModifierType) VALUES ('SDG_ABILITY_SOLFERINO_MODIFIER', 'MODIFIER_PLAYER_UNIT_ADJUST_HEAL_PER_TURN') ;
INSERT INTO ModifierArguments (ModifierId, Name, Value) VALUES 
                              ('SDG_ABILITY_SOLFERINO_MODIFIER', 'Amount', 5),
							  ('SDG_ABILITY_SOLFERINO_MODIFIER', 'Type', 'ALL') ;

INSERT INTO Types (Type, Kind) VALUES ('SDG_A_MEMORY_OF_SOLFERINO', 'KIND_BELIEF') ; 
INSERT INTO Beliefs (BeliefType, Name, Description, BeliefClassType) VALUES ('SDG_A_MEMORY_OF_SOLFERINO', 'LOC_SDG_A_MEMORY_OF_SOLFERINO', 'LOC_SDG_A_MEMORY_OF_SOLFERINO_DESCRIPTION', 'SDG_BELIEF_CLASS_199') ;
UPDATE Beliefs SET BeliefClassType = 'SDG_BELIEF_CLASS_' || (SELECT cast(COUNT(BeliefType) + 9 as text) FROM Beliefs WHERE BeliefClassType LIKE 'SDG_BELIEF_CLASS_%') WHERE BeliefClassType = 'SDG_BELIEF_CLASS_199' ;
INSERT INTO BeliefModifiers (BeliefType, ModifierID) VALUES ('SDG_A_MEMORY_OF_SOLFERINO', 'SDG_A_MEMORY_OF_SOLFERINO_CITIES_ATTACH_MODIFIER') ;

INSERT INTO Modifiers (ModifierId, ModifierType, SubjectRequirementSetId) VALUES ('SDG_A_MEMORY_OF_SOLFERINO_CITIES_ATTACH_MODIFIER', 'MODIFIER_ALL_CITIES_ATTACH_MODIFIER', 'CITY_FOLLOWS_RELIGION_REQUIREMENTS') ;
INSERT INTO ModifierArguments (ModifierId, Name, Value) VALUES ('SDG_A_MEMORY_OF_SOLFERINO_CITIES_ATTACH_MODIFIER', 'ModifierId', 'SDG_ACTIVATE_SOLFERINO_HEALING') ;

INSERT INTO Modifiers (ModifierId, ModifierType) VALUES ('SDG_ACTIVATE_SOLFERINO_HEALING', 'MODIFIER_SINGLE_CITY_GRANT_ABILITY_FOR_TRAINED_UNITS') ;
INSERT INTO ModifierArguments (ModifierId, Name, Value) VALUES ('SDG_ACTIVATE_SOLFERINO_HEALING', 'AbilityType', 'SDG_ABILITY_A_MEMORY_OF_SOLFERINO_HEAL') ;


-- ------------------------------------
-- ------------------------------------
--  Armor of God
-- ------------------------------------
-- ------------------------------------
INSERT INTO Types (Type, Kind) VALUES ('SDG_ABILITY_ARMOR_OF_GOD', 'KIND_ABILITY') ; 
INSERT INTO TypeTags (Type, Tag) VALUES ('SDG_ABILITY_ARMOR_OF_GOD', 'DB_CLASS_LAND_COMBAT') ; 
INSERT INTO UnitAbilities (UnitAbilityType, Name, Description, Inactive) VALUES ('SDG_ABILITY_ARMOR_OF_GOD', 'LOC_SDG_ABILITY_ARMOR_OF_GOD_NAME', 'LOC_SDG_ABILITY_ARMOR_OF_GOD_DESCRIPTION', 1) ;

INSERT INTO Types (Type, Kind) VALUES ('SDG_ARMOR_OF_GOD', 'KIND_BELIEF') ; 
INSERT INTO Beliefs (BeliefType, Name, Description, BeliefClassType) VALUES ('SDG_ARMOR_OF_GOD', 'LOC_SDG_ARMOR_OF_GOD', 'LOC_SDG_ARMOR_OF_GOD_DESCRIPTION', 'SDG_BELIEF_CLASS_199') ;
UPDATE Beliefs SET BeliefClassType = 'SDG_BELIEF_CLASS_' || (SELECT cast(COUNT(BeliefType) + 9 as text) FROM Beliefs WHERE BeliefClassType LIKE 'SDG_BELIEF_CLASS_%') WHERE BeliefClassType = 'SDG_BELIEF_CLASS_199' ;
INSERT INTO BeliefModifiers (BeliefType, ModifierID) VALUES ('SDG_ARMOR_OF_GOD', 'SDG_ARMOR_OF_GOD_CITIES_ATTACH_MODIFIER') ; 
INSERT INTO Modifiers (ModifierId, ModifierType, SubjectRequirementSetId) VALUES ('SDG_ARMOR_OF_GOD_CITIES_ATTACH_MODIFIER', 'MODIFIER_ALL_CITIES_ATTACH_MODIFIER', 'CITY_FOLLOWS_RELIGION_REQUIREMENTS') ;
INSERT INTO ModifierArguments (ModifierId, Name, Value) VALUES ('SDG_ARMOR_OF_GOD_CITIES_ATTACH_MODIFIER', 'ModifierId', 'SDG_ACTIVATE_ARMOR_OF_GOD_COMBAT') ;
INSERT INTO Modifiers (ModifierId, ModifierType) VALUES ('SDG_ACTIVATE_ARMOR_OF_GOD_COMBAT', 'MODIFIER_SINGLE_CITY_GRANT_ABILITY_FOR_TRAINED_UNITS') ;
INSERT INTO ModifierArguments (ModifierId, Name, Value) VALUES ('SDG_ACTIVATE_ARMOR_OF_GOD_COMBAT', 'AbilityType', 'SDG_ABILITY_ARMOR_OF_GOD') ;

INSERT INTO Requirements (RequirementId, RequirementType, ProgressWeight) VALUES ('SDG_REQ_UNIT_HAS_ARMOR_OF_GOD', 'REQUIREMENT_UNIT_HAS_ABILITY', 1) ;
INSERT INTO RequirementArguments (RequirementId, Name, Value) VALUES ('SDG_REQ_UNIT_HAS_ARMOR_OF_GOD', 'UnitAbilityType', 'SDG_ABILITY_ARMOR_OF_GOD') ;

INSERT INTO RequirementSets (RequirementSetId, RequirementSetType) VALUES ('SDG_REQSET_UNIT_HAS_ARMOR_OF_GOD_AND_NEAR_FRIENDLY_RELIGIOUS_CITY', 'REQUIREMENTSET_TEST_ALL') ;
INSERT INTO RequirementSetRequirements (RequirementSetId, RequirementId) VALUES 
                                       ('SDG_REQSET_UNIT_HAS_ARMOR_OF_GOD_AND_NEAR_FRIENDLY_RELIGIOUS_CITY', 'SDG_REQ_UNIT_HAS_ARMOR_OF_GOD'),
                                       ('SDG_REQSET_UNIT_HAS_ARMOR_OF_GOD_AND_NEAR_FRIENDLY_RELIGIOUS_CITY', 'REQUIRES_UNIT_NEAR_FRIENDLY_RELIGIOUS_CITY') ;

INSERT INTO BeliefModifiers (BeliefType, ModifierID) VALUES ('SDG_ARMOR_OF_GOD', 'SDG_ARMOR_OF_GOD_UNIT_APPLIES_MODIFIER') ; 
INSERT INTO Modifiers (ModifierId, ModifierType, SubjectRequirementSetId) VALUES ('SDG_ARMOR_OF_GOD_UNIT_APPLIES_MODIFIER', 'MODIFIER_ALL_UNITS_ATTACH_MODIFIER', 'SDG_REQSET_UNIT_HAS_ARMOR_OF_GOD_AND_NEAR_FRIENDLY_RELIGIOUS_CITY') ;
INSERT INTO ModifierArguments (ModifierId, Name, Value) VALUES ('SDG_ARMOR_OF_GOD_UNIT_APPLIES_MODIFIER', 'ModifierId', 'SDG_ARMOR_OF_GOD_COMBAT') ;
INSERT INTO Modifiers (ModifierId, ModifierType) VALUES ('SDG_ARMOR_OF_GOD_COMBAT', 'MODIFIER_UNIT_ADJUST_COMBAT_STRENGTH') ;
INSERT INTO ModifierArguments (ModifierId, Name, Value) VALUES ('SDG_ARMOR_OF_GOD_COMBAT', 'Amount', 3) ;
INSERT INTO ModifierStrings (ModifierId, Context, Text) VALUES ('SDG_ARMOR_OF_GOD_COMBAT', 'Preview', 'LOC_SDG_ARMOR_OF_GOD_COMBAT_DESCRIPTION') ;


-- ------------------------------------
-- ------------------------------------
--  Wall of Righteousness
-- ------------------------------------
-- ------------------------------------
INSERT INTO Types (Type, Kind) VALUES ('SDG_ABILITY_WALL_OF_RIGHTEOUSNESS', 'KIND_ABILITY') ; 
INSERT INTO TypeTags (Type, Tag) VALUES ('SDG_ABILITY_WALL_OF_RIGHTEOUSNESS', 'DB_CLASS_LAND_COMBAT') ; 
INSERT INTO UnitAbilities (UnitAbilityType, Name, Description, Inactive) VALUES ('SDG_ABILITY_WALL_OF_RIGHTEOUSNESS', 'LOC_SDG_ABILITY_WALL_OF_RIGHTEOUSNESS_NAME', 'LOC_SDG_ABILITY_WALL_OF_RIGHTEOUSNESS_DESCRIPTION', 1) ;

INSERT INTO Types (Type, Kind) VALUES ('SDG_WALL_OF_RIGHTEOUSNESS', 'KIND_BELIEF') ; 
INSERT INTO Beliefs (BeliefType, Name, Description, BeliefClassType) VALUES ('SDG_WALL_OF_RIGHTEOUSNESS', 'LOC_SDG_WALL_OF_RIGHTEOUSNESS', 'LOC_SDG_WALL_OF_RIGHTEOUSNESS_DESCRIPTION', 'SDG_BELIEF_CLASS_199') ;
UPDATE Beliefs SET BeliefClassType = 'SDG_BELIEF_CLASS_' || (SELECT cast(COUNT(BeliefType) + 9 as text) FROM Beliefs WHERE BeliefClassType LIKE 'SDG_BELIEF_CLASS_%') WHERE BeliefClassType = 'SDG_BELIEF_CLASS_199' ;
INSERT INTO BeliefModifiers (BeliefType, ModifierID) VALUES ('SDG_WALL_OF_RIGHTEOUSNESS', 'SDG_WALL_OF_RIGHTEOUSNESS_CITIES_ATTACH_MODIFIER') ; 
INSERT INTO Modifiers (ModifierId, ModifierType, SubjectRequirementSetId) VALUES ('SDG_WALL_OF_RIGHTEOUSNESS_CITIES_ATTACH_MODIFIER', 'MODIFIER_ALL_CITIES_ATTACH_MODIFIER', 'CITY_FOLLOWS_RELIGION_REQUIREMENTS') ;
INSERT INTO ModifierArguments (ModifierId, Name, Value) VALUES ('SDG_WALL_OF_RIGHTEOUSNESS_CITIES_ATTACH_MODIFIER', 'ModifierId', 'SDG_ACTIVATE_WALL_OF_RIGHTEOUSNESS_COMBAT') ;
INSERT INTO Modifiers (ModifierId, ModifierType) VALUES ('SDG_ACTIVATE_WALL_OF_RIGHTEOUSNESS_COMBAT', 'MODIFIER_SINGLE_CITY_GRANT_ABILITY_FOR_TRAINED_UNITS') ;
INSERT INTO ModifierArguments (ModifierId, Name, Value) VALUES ('SDG_ACTIVATE_WALL_OF_RIGHTEOUSNESS_COMBAT', 'AbilityType', 'SDG_ABILITY_WALL_OF_RIGHTEOUSNESS') ;

INSERT INTO Requirements (RequirementId, RequirementType, ProgressWeight) VALUES ('SDG_REQ_UNIT_HAS_WALL_OF_RIGHTEOUSNESS', 'REQUIREMENT_UNIT_HAS_ABILITY', 1) ;
INSERT INTO RequirementArguments (RequirementId, Name, Value) VALUES ('SDG_REQ_UNIT_HAS_WALL_OF_RIGHTEOUSNESS', 'UnitAbilityType', 'SDG_ABILITY_WALL_OF_RIGHTEOUSNESS') ;

INSERT INTO RequirementSets (RequirementSetId, RequirementSetType) VALUES ('SDG_REQSET_UNIT_HAS_WALL_OF_RIGHTEOUSNESS_AND_NEAR_FRIENDLY_RELIGIOUS_CITY', 'REQUIREMENTSET_TEST_ALL') ;
INSERT INTO RequirementSetRequirements (RequirementSetId, RequirementId) VALUES 
                                       ('SDG_REQSET_UNIT_HAS_WALL_OF_RIGHTEOUSNESS_AND_NEAR_FRIENDLY_RELIGIOUS_CITY', 'SDG_REQ_UNIT_HAS_WALL_OF_RIGHTEOUSNESS'),
                                       ('SDG_REQSET_UNIT_HAS_WALL_OF_RIGHTEOUSNESS_AND_NEAR_FRIENDLY_RELIGIOUS_CITY', 'REQUIRES_UNIT_NEAR_FRIENDLY_RELIGIOUS_CITY') ;

INSERT INTO BeliefModifiers (BeliefType, ModifierID) VALUES ('SDG_WALL_OF_RIGHTEOUSNESS', 'SDG_WALL_OF_RIGHTEOUSNESS_UNIT_APPLIES_MODIFIER') ; 
INSERT INTO Modifiers (ModifierId, ModifierType, SubjectRequirementSetId) VALUES ('SDG_WALL_OF_RIGHTEOUSNESS_UNIT_APPLIES_MODIFIER', 'MODIFIER_ALL_UNITS_ATTACH_MODIFIER', 'SDG_REQSET_UNIT_HAS_WALL_OF_RIGHTEOUSNESS_AND_NEAR_FRIENDLY_RELIGIOUS_CITY') ;
INSERT INTO ModifierArguments (ModifierId, Name, Value) VALUES ('SDG_WALL_OF_RIGHTEOUSNESS_UNIT_APPLIES_MODIFIER', 'ModifierId', 'SDG_WALL_OF_RIGHTEOUSNESS_COMBAT') ;
INSERT INTO Modifiers (ModifierId, ModifierType) VALUES ('SDG_WALL_OF_RIGHTEOUSNESS_COMBAT', 'MODIFIER_UNIT_ADJUST_COMBAT_STRENGTH') ;
INSERT INTO ModifierArguments (ModifierId, Name, Value) VALUES ('SDG_WALL_OF_RIGHTEOUSNESS_COMBAT', 'Amount', 3) ;
INSERT INTO ModifierStrings (ModifierId, Context, Text) VALUES ('SDG_WALL_OF_RIGHTEOUSNESS_COMBAT', 'Preview', 'LOC_SDG_WALL_OF_RIGHTEOUSNESS_COMBAT_DESCRIPTION') ;


-- ------------------------------------
-- ------------------------------------
--  Tzevaot
-- ------------------------------------
-- ------------------------------------
INSERT INTO Types (Type, Kind) VALUES ('SDG_ABILITY_TZEVAOT', 'KIND_ABILITY') ; 
INSERT INTO TypeTags (Type, Tag) VALUES ('SDG_ABILITY_TZEVAOT', 'DB_CLASS_LAND_COMBAT') ; 
INSERT INTO UnitAbilities (UnitAbilityType, Name, Description, Inactive) VALUES ('SDG_ABILITY_TZEVAOT', 'LOC_SDG_ABILITY_TZEVAOT_NAME', 'LOC_SDG_ABILITY_TZEVAOT_DESCRIPTION', 1) ;

INSERT INTO Types (Type, Kind) VALUES ('SDG_TZEVAOT', 'KIND_BELIEF') ; 
INSERT INTO Beliefs (BeliefType, Name, Description, BeliefClassType) VALUES ('SDG_TZEVAOT', 'LOC_SDG_TZEVAOT', 'LOC_SDG_TZEVAOT_DESCRIPTION', 'SDG_BELIEF_CLASS_199') ;
UPDATE Beliefs SET BeliefClassType = 'SDG_BELIEF_CLASS_' || (SELECT cast(COUNT(BeliefType) + 9 as text) FROM Beliefs WHERE BeliefClassType LIKE 'SDG_BELIEF_CLASS_%') WHERE BeliefClassType = 'SDG_BELIEF_CLASS_199' ;
INSERT INTO BeliefModifiers (BeliefType, ModifierID) VALUES ('SDG_TZEVAOT', 'SDG_TZEVAOT_CITIES_ATTACH_MODIFIER') ; 
INSERT INTO Modifiers (ModifierId, ModifierType, SubjectRequirementSetId) VALUES ('SDG_TZEVAOT_CITIES_ATTACH_MODIFIER', 'MODIFIER_ALL_CITIES_ATTACH_MODIFIER', 'CITY_FOLLOWS_RELIGION_REQUIREMENTS') ;
INSERT INTO ModifierArguments (ModifierId, Name, Value) VALUES ('SDG_TZEVAOT_CITIES_ATTACH_MODIFIER', 'ModifierId', 'SDG_ACTIVATE_TZEVAOT_COMBAT') ;
INSERT INTO Modifiers (ModifierId, ModifierType) VALUES ('SDG_ACTIVATE_TZEVAOT_COMBAT', 'MODIFIER_SINGLE_CITY_GRANT_ABILITY_FOR_TRAINED_UNITS') ;
INSERT INTO ModifierArguments (ModifierId, Name, Value) VALUES ('SDG_ACTIVATE_TZEVAOT_COMBAT', 'AbilityType', 'SDG_ABILITY_TZEVAOT') ;

INSERT INTO Requirements (RequirementId, RequirementType, ProgressWeight) VALUES ('SDG_REQ_UNIT_HAS_TZEVAOT', 'REQUIREMENT_UNIT_HAS_ABILITY', 1) ;
INSERT INTO RequirementArguments (RequirementId, Name, Value) VALUES ('SDG_REQ_UNIT_HAS_TZEVAOT', 'UnitAbilityType', 'SDG_ABILITY_TZEVAOT') ;

INSERT INTO RequirementSets (RequirementSetId, RequirementSetType) VALUES ('SDG_REQSET_UNIT_HAS_TZEVAOT_AND_NEAR_FRIENDLY_RELIGIOUS_CITY', 'REQUIREMENTSET_TEST_ALL') ;
INSERT INTO RequirementSetRequirements (RequirementSetId, RequirementId) VALUES 
                                       ('SDG_REQSET_UNIT_HAS_TZEVAOT_AND_NEAR_FRIENDLY_RELIGIOUS_CITY', 'SDG_REQ_UNIT_HAS_TZEVAOT'),
                                       ('SDG_REQSET_UNIT_HAS_TZEVAOT_AND_NEAR_FRIENDLY_RELIGIOUS_CITY', 'REQUIRES_UNIT_NEAR_FRIENDLY_RELIGIOUS_CITY') ;

INSERT INTO BeliefModifiers (BeliefType, ModifierID) VALUES ('SDG_TZEVAOT', 'SDG_TZEVAOT_UNIT_APPLIES_MODIFIER') ; 
INSERT INTO Modifiers (ModifierId, ModifierType, SubjectRequirementSetId) VALUES ('SDG_TZEVAOT_UNIT_APPLIES_MODIFIER', 'MODIFIER_ALL_UNITS_ATTACH_MODIFIER', 'SDG_REQSET_UNIT_HAS_TZEVAOT_AND_NEAR_FRIENDLY_RELIGIOUS_CITY') ;
INSERT INTO ModifierArguments (ModifierId, Name, Value) VALUES ('SDG_TZEVAOT_UNIT_APPLIES_MODIFIER', 'ModifierId', 'SDG_TZEVAOT_COMBAT') ;
INSERT INTO Modifiers (ModifierId, ModifierType) VALUES ('SDG_TZEVAOT_COMBAT', 'MODIFIER_UNIT_ADJUST_COMBAT_STRENGTH') ;
INSERT INTO ModifierArguments (ModifierId, Name, Value) VALUES ('SDG_TZEVAOT_COMBAT', 'Amount', 3) ;
INSERT INTO ModifierStrings (ModifierId, Context, Text) VALUES ('SDG_TZEVAOT_COMBAT', 'Preview', 'LOC_SDG_TZEVAOT_COMBAT_DESCRIPTION') ;


-- ------------------------------------
-- ------------------------------------
--  Crusade
-- ------------------------------------
-- ------------------------------------
INSERT INTO Types (Type, Kind) VALUES ('SDG_ABILITY_CRUSADE', 'KIND_ABILITY') ; 
INSERT INTO TypeTags (Type, Tag) VALUES ('SDG_ABILITY_CRUSADE', 'DB_CLASS_LAND_COMBAT') ; 
INSERT INTO UnitAbilities (UnitAbilityType, Name, Description, Inactive) VALUES ('SDG_ABILITY_CRUSADE', 'LOC_SDG_ABILITY_CRUSADE_NAME', 'LOC_SDG_ABILITY_CRUSADE_DESCRIPTION', 1) ;

INSERT INTO Types (Type, Kind) VALUES ('SDG_CRUSADE', 'KIND_BELIEF') ; 
INSERT INTO Beliefs (BeliefType, Name, Description, BeliefClassType) VALUES ('SDG_CRUSADE', 'LOC_SDG_CRUSADE', 'LOC_SDG_CRUSADE_DESCRIPTION', 'SDG_BELIEF_CLASS_199') ;
UPDATE Beliefs SET BeliefClassType = 'SDG_BELIEF_CLASS_' || (SELECT cast(COUNT(BeliefType) + 9 as text) FROM Beliefs WHERE BeliefClassType LIKE 'SDG_BELIEF_CLASS_%') WHERE BeliefClassType = 'SDG_BELIEF_CLASS_199' ;
INSERT INTO BeliefModifiers (BeliefType, ModifierID) VALUES ('SDG_CRUSADE', 'SDG_CRUSADE_CITIES_ATTACH_MODIFIER') ; 
INSERT INTO Modifiers (ModifierId, ModifierType, SubjectRequirementSetId) VALUES ('SDG_CRUSADE_CITIES_ATTACH_MODIFIER', 'MODIFIER_ALL_CITIES_ATTACH_MODIFIER', 'CITY_FOLLOWS_RELIGION_REQUIREMENTS') ;
INSERT INTO ModifierArguments (ModifierId, Name, Value) VALUES ('SDG_CRUSADE_CITIES_ATTACH_MODIFIER', 'ModifierId', 'SDG_ACTIVATE_CRUSADE_COMBAT') ;
INSERT INTO Modifiers (ModifierId, ModifierType) VALUES ('SDG_ACTIVATE_CRUSADE_COMBAT', 'MODIFIER_SINGLE_CITY_GRANT_ABILITY_FOR_TRAINED_UNITS') ;
INSERT INTO ModifierArguments (ModifierId, Name, Value) VALUES ('SDG_ACTIVATE_CRUSADE_COMBAT', 'AbilityType', 'SDG_ABILITY_CRUSADE') ;

INSERT INTO Requirements (RequirementId, RequirementType, ProgressWeight) VALUES ('SDG_REQ_UNIT_HAS_CRUSADE', 'REQUIREMENT_UNIT_HAS_ABILITY', 1) ;
INSERT INTO RequirementArguments (RequirementId, Name, Value) VALUES ('SDG_REQ_UNIT_HAS_CRUSADE', 'UnitAbilityType', 'SDG_ABILITY_CRUSADE') ;

INSERT INTO RequirementSets (RequirementSetId, RequirementSetType) VALUES ('SDG_REQSET_UNIT_HAS_CRUSADE_AND_NEAR_FRIENDLY_RELIGIOUS_CITY', 'REQUIREMENTSET_TEST_ALL') ;
INSERT INTO RequirementSetRequirements (RequirementSetId, RequirementId) VALUES 
                                       ('SDG_REQSET_UNIT_HAS_CRUSADE_AND_NEAR_FRIENDLY_RELIGIOUS_CITY', 'SDG_REQ_UNIT_HAS_CRUSADE'),
                                       ('SDG_REQSET_UNIT_HAS_CRUSADE_AND_NEAR_FRIENDLY_RELIGIOUS_CITY', 'REQUIRES_UNIT_NEAR_ENEMY_RELIGIOUS_CITY') ;

INSERT INTO BeliefModifiers (BeliefType, ModifierID) VALUES ('SDG_CRUSADE', 'SDG_CRUSADE_UNIT_APPLIES_MODIFIER') ; 
INSERT INTO Modifiers (ModifierId, ModifierType, SubjectRequirementSetId) VALUES ('SDG_CRUSADE_UNIT_APPLIES_MODIFIER', 'MODIFIER_ALL_UNITS_ATTACH_MODIFIER', 'SDG_REQSET_UNIT_HAS_CRUSADE_AND_NEAR_FRIENDLY_RELIGIOUS_CITY') ;
INSERT INTO ModifierArguments (ModifierId, Name, Value) VALUES ('SDG_CRUSADE_UNIT_APPLIES_MODIFIER', 'ModifierId', 'SDG_CRUSADE_COMBAT') ;
INSERT INTO Modifiers (ModifierId, ModifierType) VALUES ('SDG_CRUSADE_COMBAT', 'MODIFIER_UNIT_ADJUST_COMBAT_STRENGTH') ;
INSERT INTO ModifierArguments (ModifierId, Name, Value) VALUES ('SDG_CRUSADE_COMBAT', 'Amount', 5) ;
INSERT INTO ModifierStrings (ModifierId, Context, Text) VALUES ('SDG_CRUSADE_COMBAT', 'Preview', 'LOC_SDG_CRUSADE_COMBAT_DESCRIPTION') ;


-- ------------------------------------
-- ------------------------------------
--  Deus Vult
-- ------------------------------------
-- ------------------------------------
INSERT INTO Types (Type, Kind) VALUES ('SDG_ABILITY_DEUS_VULT', 'KIND_ABILITY') ; 
INSERT INTO TypeTags (Type, Tag) VALUES ('SDG_ABILITY_DEUS_VULT', 'DB_CLASS_LAND_COMBAT') ; 
INSERT INTO UnitAbilities (UnitAbilityType, Name, Description, Inactive) VALUES ('SDG_ABILITY_DEUS_VULT', 'LOC_SDG_ABILITY_DEUS_VULT_NAME', 'LOC_SDG_ABILITY_DEUS_VULT_DESCRIPTION', 1) ;

INSERT INTO Types (Type, Kind) VALUES ('SDG_DEUS_VULT', 'KIND_BELIEF') ; 
INSERT INTO Beliefs (BeliefType, Name, Description, BeliefClassType) VALUES ('SDG_DEUS_VULT', 'LOC_SDG_DEUS_VULT', 'LOC_SDG_DEUS_VULT_DESCRIPTION', 'SDG_BELIEF_CLASS_199') ;
UPDATE Beliefs SET BeliefClassType = 'SDG_BELIEF_CLASS_' || (SELECT cast(COUNT(BeliefType) + 9 as text) FROM Beliefs WHERE BeliefClassType LIKE 'SDG_BELIEF_CLASS_%') WHERE BeliefClassType = 'SDG_BELIEF_CLASS_199' ;
INSERT INTO BeliefModifiers (BeliefType, ModifierID) VALUES ('SDG_DEUS_VULT', 'SDG_DEUS_VULT_CITIES_ATTACH_MODIFIER') ; 
INSERT INTO Modifiers (ModifierId, ModifierType, SubjectRequirementSetId) VALUES ('SDG_DEUS_VULT_CITIES_ATTACH_MODIFIER', 'MODIFIER_ALL_CITIES_ATTACH_MODIFIER', 'CITY_FOLLOWS_RELIGION_REQUIREMENTS') ;
INSERT INTO ModifierArguments (ModifierId, Name, Value) VALUES ('SDG_DEUS_VULT_CITIES_ATTACH_MODIFIER', 'ModifierId', 'SDG_ACTIVATE_DEUS_VULT_COMBAT') ;
INSERT INTO Modifiers (ModifierId, ModifierType) VALUES ('SDG_ACTIVATE_DEUS_VULT_COMBAT', 'MODIFIER_SINGLE_CITY_GRANT_ABILITY_FOR_TRAINED_UNITS') ;
INSERT INTO ModifierArguments (ModifierId, Name, Value) VALUES ('SDG_ACTIVATE_DEUS_VULT_COMBAT', 'AbilityType', 'SDG_ABILITY_DEUS_VULT') ;

INSERT INTO Requirements (RequirementId, RequirementType, ProgressWeight) VALUES ('SDG_REQ_UNIT_HAS_DEUS_VULT', 'REQUIREMENT_UNIT_HAS_ABILITY', 1) ;
INSERT INTO RequirementArguments (RequirementId, Name, Value) VALUES ('SDG_REQ_UNIT_HAS_DEUS_VULT', 'UnitAbilityType', 'SDG_ABILITY_DEUS_VULT') ;

INSERT INTO RequirementSets (RequirementSetId, RequirementSetType) VALUES ('SDG_REQSET_UNIT_HAS_DEUS_VULT_AND_NEAR_FRIENDLY_RELIGIOUS_CITY', 'REQUIREMENTSET_TEST_ALL') ;
INSERT INTO RequirementSetRequirements (RequirementSetId, RequirementId) VALUES 
                                       ('SDG_REQSET_UNIT_HAS_DEUS_VULT_AND_NEAR_FRIENDLY_RELIGIOUS_CITY', 'SDG_REQ_UNIT_HAS_DEUS_VULT'),
                                       ('SDG_REQSET_UNIT_HAS_DEUS_VULT_AND_NEAR_FRIENDLY_RELIGIOUS_CITY', 'REQUIRES_UNIT_NEAR_ENEMY_RELIGIOUS_CITY') ;

INSERT INTO BeliefModifiers (BeliefType, ModifierID) VALUES ('SDG_DEUS_VULT', 'SDG_DEUS_VULT_UNIT_APPLIES_MODIFIER') ; 
INSERT INTO Modifiers (ModifierId, ModifierType, SubjectRequirementSetId) VALUES ('SDG_DEUS_VULT_UNIT_APPLIES_MODIFIER', 'MODIFIER_ALL_UNITS_ATTACH_MODIFIER', 'SDG_REQSET_UNIT_HAS_DEUS_VULT_AND_NEAR_FRIENDLY_RELIGIOUS_CITY') ;
INSERT INTO ModifierArguments (ModifierId, Name, Value) VALUES ('SDG_DEUS_VULT_UNIT_APPLIES_MODIFIER', 'ModifierId', 'SDG_DEUS_VULT_COMBAT') ;
INSERT INTO Modifiers (ModifierId, ModifierType) VALUES ('SDG_DEUS_VULT_COMBAT', 'MODIFIER_UNIT_ADJUST_COMBAT_STRENGTH') ;
INSERT INTO ModifierArguments (ModifierId, Name, Value) VALUES ('SDG_DEUS_VULT_COMBAT', 'Amount', 5) ;
INSERT INTO ModifierStrings (ModifierId, Context, Text) VALUES ('SDG_DEUS_VULT_COMBAT', 'Preview', 'LOC_SDG_DEUS_VULT_COMBAT_DESCRIPTION') ;


-- ------------------------------------
-- ------------------------------------
--  His Truth is Marching On
-- ------------------------------------
-- ------------------------------------
INSERT INTO Types (Type, Kind) VALUES ('SDG_ABILITY_HIS_TRUTH', 'KIND_ABILITY') ; 
INSERT INTO TypeTags (Type, Tag) VALUES ('SDG_ABILITY_HIS_TRUTH', 'DB_CLASS_LAND_COMBAT') ; 
INSERT INTO UnitAbilities (UnitAbilityType, Name, Description, Inactive) VALUES ('SDG_ABILITY_HIS_TRUTH', 'LOC_SDG_ABILITY_HIS_TRUTH_NAME', 'LOC_SDG_ABILITY_HIS_TRUTH_DESCRIPTION', 1) ;

INSERT INTO Types (Type, Kind) VALUES ('SDG_HIS_TRUTH', 'KIND_BELIEF') ; 
INSERT INTO Beliefs (BeliefType, Name, Description, BeliefClassType) VALUES ('SDG_HIS_TRUTH', 'LOC_SDG_HIS_TRUTH', 'LOC_SDG_HIS_TRUTH_DESCRIPTION', 'SDG_BELIEF_CLASS_199') ;
UPDATE Beliefs SET BeliefClassType = 'SDG_BELIEF_CLASS_' || (SELECT cast(COUNT(BeliefType) + 9 as text) FROM Beliefs WHERE BeliefClassType LIKE 'SDG_BELIEF_CLASS_%') WHERE BeliefClassType = 'SDG_BELIEF_CLASS_199' ;
INSERT INTO BeliefModifiers (BeliefType, ModifierID) VALUES ('SDG_HIS_TRUTH', 'SDG_HIS_TRUTH_CITIES_ATTACH_MODIFIER') ; 
INSERT INTO Modifiers (ModifierId, ModifierType, SubjectRequirementSetId) VALUES ('SDG_HIS_TRUTH_CITIES_ATTACH_MODIFIER', 'MODIFIER_ALL_CITIES_ATTACH_MODIFIER', 'CITY_FOLLOWS_RELIGION_REQUIREMENTS') ;
INSERT INTO ModifierArguments (ModifierId, Name, Value) VALUES ('SDG_HIS_TRUTH_CITIES_ATTACH_MODIFIER', 'ModifierId', 'SDG_ACTIVATE_HIS_TRUTH_COMBAT') ;
INSERT INTO Modifiers (ModifierId, ModifierType) VALUES ('SDG_ACTIVATE_HIS_TRUTH_COMBAT', 'MODIFIER_SINGLE_CITY_GRANT_ABILITY_FOR_TRAINED_UNITS') ;
INSERT INTO ModifierArguments (ModifierId, Name, Value) VALUES ('SDG_ACTIVATE_HIS_TRUTH_COMBAT', 'AbilityType', 'SDG_ABILITY_HIS_TRUTH') ;

INSERT INTO Requirements (RequirementId, RequirementType, ProgressWeight) VALUES ('SDG_REQ_UNIT_HAS_HIS_TRUTH', 'REQUIREMENT_UNIT_HAS_ABILITY', 1) ;
INSERT INTO RequirementArguments (RequirementId, Name, Value) VALUES ('SDG_REQ_UNIT_HAS_HIS_TRUTH', 'UnitAbilityType', 'SDG_ABILITY_HIS_TRUTH') ;


INSERT INTO RequirementSets (RequirementSetId, RequirementSetType) VALUES ('SDG_REQSET_UNIT_HAS_HIS_TRUTH_AND_NEAR_FRIENDLY_RELIGIOUS_CITY', 'REQUIREMENTSET_TEST_ALL') ;
INSERT INTO RequirementSetRequirements (RequirementSetId, RequirementId) VALUES 
                                       ('SDG_REQSET_UNIT_HAS_HIS_TRUTH_AND_NEAR_FRIENDLY_RELIGIOUS_CITY', 'SDG_REQ_UNIT_HAS_HIS_TRUTH'),
                                       ('SDG_REQSET_UNIT_HAS_HIS_TRUTH_AND_NEAR_FRIENDLY_RELIGIOUS_CITY', 'REQUIRES_UNIT_NEAR_ENEMY_RELIGIOUS_CITY') ;


INSERT INTO BeliefModifiers (BeliefType, ModifierID) VALUES ('SDG_HIS_TRUTH', 'SDG_HIS_TRUTH_UNIT_APPLIES_MODIFIER') ; 
INSERT INTO Modifiers (ModifierId, ModifierType, SubjectRequirementSetId) VALUES ('SDG_HIS_TRUTH_UNIT_APPLIES_MODIFIER', 'MODIFIER_ALL_UNITS_ATTACH_MODIFIER', 'SDG_REQSET_UNIT_HAS_HIS_TRUTH_AND_NEAR_FRIENDLY_RELIGIOUS_CITY') ;
INSERT INTO ModifierArguments (ModifierId, Name, Value) VALUES ('SDG_HIS_TRUTH_UNIT_APPLIES_MODIFIER', 'ModifierId', 'SDG_HIS_TRUTH_COMBAT') ;
INSERT INTO Modifiers (ModifierId, ModifierType) VALUES ('SDG_HIS_TRUTH_COMBAT', 'MODIFIER_UNIT_ADJUST_COMBAT_STRENGTH') ;
INSERT INTO ModifierArguments (ModifierId, Name, Value) VALUES ('SDG_HIS_TRUTH_COMBAT', 'Amount', 5) ;
INSERT INTO ModifierStrings (ModifierId, Context, Text) VALUES ('SDG_HIS_TRUTH_COMBAT', 'Preview', 'LOC_SDG_HIS_TRUTH_COMBAT_DESCRIPTION') ;