-- MILITARY

-- ------------------------------------
-- ------------------------------------
--  Sword of Gideon
-- ------------------------------------
-- ------------------------------------
INSERT INTO Types (Type, Kind) VALUES ('SDG_ABILITY_SWORD_OF_GIDEON', 'KIND_ABILITY') ;
INSERT INTO TypeTags (Type, Tag) VALUES ('SDG_ABILITY_SWORD_OF_GIDEON', 'DB_CLASS_LAND_COMBAT') ; 
INSERT INTO UnitAbilities (UnitAbilityType, Name, Description, Inactive) VALUES ('SDG_ABILITY_SWORD_OF_GIDEON', 'LOC_SDG_ABILITY_SWORD_OF_GIDEON_NAME', 'LOC_SDG_ABILITY_SWORD_OF_GIDEON_DESCRIPTION', 1) ;
INSERT INTO UnitAbilityModifiers (UnitAbilityType, ModifierId) VALUES ('SDG_ABILITY_SWORD_OF_GIDEON', 'SDG_SWORD_OF_GIDEON_COMBAT') ;
INSERT INTO Modifiers (ModifierId, ModifierType, SubjectRequirementSetId) VALUES ('SDG_SWORD_OF_GIDEON_COMBAT', 'DB_DM_ADJUST_COMBAT_EXPERIENCE', 'DB_REQSET_OPPONENT_IS_NOT_CITY_OR_ENCAMPMENT') ;
INSERT INTO ModifierArguments (ModifierId, Name, Value) VALUES ('SDG_SWORD_OF_GIDEON_COMBAT', 'Amount', 25) ;

INSERT INTO Types (Type, Kind) VALUES ('SDG_SWORD_OF_GIDEON', 'KIND_BELIEF') ; 
INSERT INTO BeliefClasses (BeliefClassType, Name, MaxInReligion, AdoptionOrder)
	SELECT 'SDG_BELIEF_CLASS_MILITARY_' || (SELECT cast(COUNT(BeliefType) + 100 as text) FROM Beliefs WHERE BeliefClassType LIKE 'SDG_BELIEF_CLASS_%'), 'LOC_SDG_BELIEF_CLASS_MILITARY_NAME', 999, (SELECT COUNT(BeliefType) + 100 FROM Beliefs WHERE BeliefClassType LIKE 'SDG_BELIEF_CLASS_%') ;
INSERT INTO Beliefs (BeliefType, Name, Description, BeliefClassType) 
	SELECT 'SDG_SWORD_OF_GIDEON', 'LOC_SDG_SWORD_OF_GIDEON', 'LOC_SDG_SWORD_OF_GIDEON_DESCRIPTION', 'SDG_BELIEF_CLASS_MILITARY_' || (SELECT cast(COUNT(BeliefType) + 100 as text) FROM Beliefs WHERE BeliefClassType LIKE 'SDG_BELIEF_CLASS_%') ;

INSERT INTO BeliefModifiers (BeliefType, ModifierID) VALUES ('SDG_SWORD_OF_GIDEON', 'SDG_SWORD_OF_GIDEON_CITIES_ATTACH_MODIFIER') ; 
INSERT INTO Modifiers (ModifierId, ModifierType, SubjectRequirementSetId) VALUES ('SDG_SWORD_OF_GIDEON_CITIES_ATTACH_MODIFIER', 'MODIFIER_ALL_CITIES_ATTACH_MODIFIER', 'CITY_FOLLOWS_RELIGION_REQUIREMENTS') ;
INSERT INTO ModifierArguments (ModifierId, Name, Value) VALUES ('SDG_SWORD_OF_GIDEON_CITIES_ATTACH_MODIFIER', 'ModifierId', 'SDG_ACTIVATE_SWORD_OF_GIDEON_COMBAT') ;
INSERT INTO Modifiers (ModifierId, ModifierType) VALUES ('SDG_ACTIVATE_SWORD_OF_GIDEON_COMBAT', 'MODIFIER_SINGLE_CITY_GRANT_ABILITY_FOR_TRAINED_UNITS') ;
INSERT INTO ModifierArguments (ModifierId, Name, Value) VALUES ('SDG_ACTIVATE_SWORD_OF_GIDEON_COMBAT', 'AbilityType', 'SDG_ABILITY_SWORD_OF_GIDEON') ;


-- ------------------------------------
-- ------------------------------------
--  Joshua's Trumpet
-- ------------------------------------
-- ------------------------------------
INSERT INTO Types (Type, Kind) VALUES ('SDG_ABILITY_JOSHUAS_TRUMPET', 'KIND_ABILITY') ; 
INSERT INTO TypeTags (Type, Tag) VALUES ('SDG_ABILITY_JOSHUAS_TRUMPET', 'DB_CLASS_LAND_MELEE_NON_CAVALRY') ; 
INSERT INTO UnitAbilities (UnitAbilityType, Name, Description, Inactive) VALUES ('SDG_ABILITY_JOSHUAS_TRUMPET', 'LOC_SDG_ABILITY_JOSHUAS_TRUMPET_NAME', 'LOC_SDG_ABILITY_JOSHUAS_TRUMPET_DESCRIPTION', 1) ;

INSERT INTO UnitAbilityModifiers (UnitAbilityType, ModifierId)
	SELECT DISTINCT 'SDG_ABILITY_JOSHUAS_TRUMPET', 'SDG_MOD_' || SUBSTR(PromotionClass, 17) || '_CAN_WALL_ATTACK' FROM Units WHERE FormationClass = 'FORMATION_CLASS_LAND_COMBAT' AND Combat > 0 AND RangedCombat = 0 AND Bombard = 0 AND (PromotionClass LIKE '%ANTI_CAVALRY%' OR PromotionClass NOT LIKE '%CAVALRY%') ;
INSERT INTO Modifiers (ModifierId, ModifierType)
	SELECT DISTINCT 'SDG_MOD_' || SUBSTR(PromotionClass, 17) || '_CAN_WALL_ATTACK', 'DB_DM_CAN_WALL_ATTACK_PROMOTION_CLASS' FROM Units WHERE FormationClass = 'FORMATION_CLASS_LAND_COMBAT' AND Combat > 0 AND RangedCombat = 0 AND Bombard = 0 AND (PromotionClass LIKE '%ANTI_CAVALRY%' OR PromotionClass NOT LIKE '%CAVALRY%') ;
INSERT INTO ModifierArguments (ModifierId, Name, Value)
	SELECT DISTINCT 'SDG_MOD_' || SUBSTR(PromotionClass, 17) || '_CAN_WALL_ATTACK', 'PromotionClass', PromotionClass FROM Units WHERE FormationClass = 'FORMATION_CLASS_LAND_COMBAT' AND Combat > 0 AND RangedCombat = 0 AND Bombard = 0 AND (PromotionClass LIKE '%ANTI_CAVALRY%' OR PromotionClass NOT LIKE '%CAVALRY%') ;

INSERT INTO UnitAbilityModifiers (UnitAbilityType, ModifierId)
	SELECT DISTINCT 'SDG_ABILITY_JOSHUAS_TRUMPET', 'SDG_MOD_' || SUBSTR(PromotionClass, 17) || '_CAN_BYPASS_WALLS' FROM Units WHERE FormationClass = 'FORMATION_CLASS_LAND_COMBAT' AND Combat > 0 AND RangedCombat = 0 AND Bombard = 0 AND (PromotionClass LIKE '%ANTI_CAVALRY%' OR PromotionClass NOT LIKE '%CAVALRY%') ;
INSERT INTO Modifiers (ModifierId, ModifierType)
	SELECT DISTINCT 'SDG_MOD_' || SUBSTR(PromotionClass, 17) || '_CAN_BYPASS_WALLS', 'DB_DM_CAN_BYPASS_WALLS_PROMOTION_CLASS' FROM Units WHERE FormationClass = 'FORMATION_CLASS_LAND_COMBAT' AND Combat > 0 AND RangedCombat = 0 AND Bombard = 0 AND (PromotionClass LIKE '%ANTI_CAVALRY%' OR PromotionClass NOT LIKE '%CAVALRY%') ;
INSERT INTO ModifierArguments (ModifierId, Name, Value)
	SELECT DISTINCT 'SDG_MOD_' || SUBSTR(PromotionClass, 17) || '_CAN_BYPASS_WALLS', 'PromotionClass', PromotionClass FROM Units WHERE FormationClass = 'FORMATION_CLASS_LAND_COMBAT' AND Combat > 0 AND RangedCombat = 0 AND Bombard = 0 AND (PromotionClass LIKE '%ANTI_CAVALRY%' OR PromotionClass NOT LIKE '%CAVALRY%') ;

/*
INSERT INTO UnitAbilityModifiers (UnitAbilityType, ModifierId) VALUES ('SDG_ABILITY_JOSHUAS_TRUMPET', 'SDG_MOD_CAN_WALL_ATTACK') ;
INSERT INTO Modifiers (ModifierId, ModifierType) VALUES ('SDG_MOD_CAN_WALL_ATTACK', 'DB_DM_CAN_WALL_ATTACK') ;
INSERT INTO ModifierArguments (ModifierId, Name, Value) VALUES ('SDG_MOD_CAN_WALL_ATTACK', 'Enable', 1) ;

INSERT INTO UnitAbilityModifiers (UnitAbilityType, ModifierId) VALUES ('SDG_ABILITY_JOSHUAS_TRUMPET', 'SDG_MOD_CAN_BYPASS_WALLS') ;
INSERT INTO Modifiers (ModifierId, ModifierType) VALUES ('SDG_MOD_CAN_BYPASS_WALLS', 'DB_DM_CAN_BYPASS_WALLS') ;
INSERT INTO ModifierArguments (ModifierId, Name, Value) VALUES ('SDG_MOD_CAN_BYPASS_WALLS', 'Enable', 1) ;
*/

INSERT INTO Types (Type, Kind) VALUES ('SDG_JOSHUAS_TRUMPET', 'KIND_BELIEF') ; 
INSERT INTO BeliefClasses (BeliefClassType, Name, MaxInReligion, AdoptionOrder)
	SELECT 'SDG_BELIEF_CLASS_MILITARY_' || (SELECT cast(COUNT(BeliefType) + 100 as text) FROM Beliefs WHERE BeliefClassType LIKE 'SDG_BELIEF_CLASS_%'), 'LOC_SDG_BELIEF_CLASS_MILITARY_NAME', 999, (SELECT COUNT(BeliefType) + 100 FROM Beliefs WHERE BeliefClassType LIKE 'SDG_BELIEF_CLASS_%') ;
INSERT INTO Beliefs (BeliefType, Name, Description, BeliefClassType) 
	SELECT 'SDG_JOSHUAS_TRUMPET', 'LOC_SDG_JOSHUAS_TRUMPET', 'LOC_SDG_JOSHUAS_TRUMPET_DESCRIPTION', 'SDG_BELIEF_CLASS_MILITARY_' || (SELECT cast(COUNT(BeliefType) + 100 as text) FROM Beliefs WHERE BeliefClassType LIKE 'SDG_BELIEF_CLASS_%') ;

INSERT INTO BeliefModifiers (BeliefType, ModifierID) VALUES ('SDG_JOSHUAS_TRUMPET', 'SDG_JOSHUAS_TRUMPET_CITIES_ATTACH_MODIFIER') ; 
INSERT INTO Modifiers (ModifierId, ModifierType, SubjectRequirementSetId) VALUES ('SDG_JOSHUAS_TRUMPET_CITIES_ATTACH_MODIFIER', 'MODIFIER_ALL_CITIES_ATTACH_MODIFIER', 'CITY_FOLLOWS_RELIGION_REQUIREMENTS') ;
INSERT INTO ModifierArguments (ModifierId, Name, Value) VALUES ('SDG_JOSHUAS_TRUMPET_CITIES_ATTACH_MODIFIER', 'ModifierId', 'SDG_ACTIVATE_JOSHUAS_TRUMPET_COMBAT') ;
INSERT INTO Modifiers (ModifierId, ModifierType) VALUES ('SDG_ACTIVATE_JOSHUAS_TRUMPET_COMBAT', 'MODIFIER_SINGLE_CITY_GRANT_ABILITY_FOR_TRAINED_UNITS') ;
INSERT INTO ModifierArguments (ModifierId, Name, Value) VALUES ('SDG_ACTIVATE_JOSHUAS_TRUMPET_COMBAT', 'AbilityType', 'SDG_ABILITY_JOSHUAS_TRUMPET') ;


/* TODO: find a way to remove the ram/tower protection on upper level walls
UPDATE Modifiers SET SubjectRequirementSetId = '' WHERE ModifierId = 'CASTLE_PREVENT_MELEE_ATTACK_OUTER_DEFENSES' ;
UPDATE Modifiers SET SubjectRequirementSetId = '' WHERE ModifierId = 'STAR_FORT_PREVENT_MELEE_ATTACK_OUTER_DEFENSES' ;
UPDATE Modifiers SET SubjectRequirementSetId = '' WHERE ModifierId = 'STAR_FORT_PREVENT_BYPASS_OUTER_DEFENSE' ;
<ModifierType>MODIFIER_SINGLE_CITY_ADJUST_PREVENT_MELEE_ATTACK_OUTER_DEFENSES</ModifierType>
<ModifierType>MODIFIER_SINGLE_CITY_ADJUST_PREVENT_MELEE_ATTACK_OUTER_DEFENSES</ModifierType>
<ModifierType>MODIFIER_SINGLE_CITY_ADJUST_PREVENT_BYPASS_OUTER_DEFENSE</ModifierType>
*/

-- ------------------------------------
-- ------------------------------------
--  Ecrasez l'Infame
-- ------------------------------------
-- ------------------------------------
INSERT INTO Types (Type, Kind) VALUES ('SDG_ABILITY_ECRASEZ_LINFAME', 'KIND_ABILITY') ; 
INSERT INTO TypeTags (Type, Tag) VALUES ('SDG_ABILITY_ECRASEZ_LINFAME', 'DB_CLASS_LAND_COMBAT') ; 
INSERT INTO UnitAbilities (UnitAbilityType, Name, Description, Inactive) VALUES ('SDG_ABILITY_ECRASEZ_LINFAME', 'LOC_SDG_ABILITY_ECRASEZ_LINFAME_NAME', 'LOC_SDG_ABILITY_ECRASEZ_LINFAME_DESCRIPTION', 1) ;
INSERT INTO UnitAbilityModifiers (UnitAbilityType, ModifierId) VALUES 
('SDG_ABILITY_ECRASEZ_LINFAME', 'SDG_ECRASEZ_LINFAME_CITY_TO_MY_RELIGION_ON_CAPTURE'),
('SDG_ABILITY_ECRASEZ_LINFAME', 'SDG_ECRASEZ_LINFAME_VICTORY_SPREADS_RELIGION') ;
INSERT INTO Modifiers (ModifierId, ModifierType) VALUES ('SDG_ECRASEZ_LINFAME_CITY_TO_MY_RELIGION_ON_CAPTURE', 'DB_DM_CITY_TO_MY_RELIGION_ON_CAPTURE') ;
INSERT INTO ModifierArguments (ModifierId, Name, Value) VALUES ('SDG_ECRASEZ_LINFAME_CITY_TO_MY_RELIGION_ON_CAPTURE', 'Enable', 1) ;
INSERT INTO Modifiers (ModifierId, ModifierType) VALUES ('SDG_ECRASEZ_LINFAME_VICTORY_SPREADS_RELIGION', 'DB_DM_VICTORY_SPREADS_RELIGION') ;
INSERT INTO ModifierArguments (ModifierId, Name, Value) VALUES ('SDG_ECRASEZ_LINFAME_VICTORY_SPREADS_RELIGION', 'LandVictorySpread', 1) ;

INSERT INTO Types (Type, Kind) VALUES ('SDG_ECRASEZ_LINFAME', 'KIND_BELIEF') ; 
INSERT INTO BeliefClasses (BeliefClassType, Name, MaxInReligion, AdoptionOrder)
	SELECT 'SDG_BELIEF_CLASS_MILITARY_' || (SELECT cast(COUNT(BeliefType) + 100 as text) FROM Beliefs WHERE BeliefClassType LIKE 'SDG_BELIEF_CLASS_%'), 'LOC_SDG_BELIEF_CLASS_MILITARY_NAME', 999, (SELECT COUNT(BeliefType) + 100 FROM Beliefs WHERE BeliefClassType LIKE 'SDG_BELIEF_CLASS_%') ;
INSERT INTO Beliefs (BeliefType, Name, Description, BeliefClassType) 
	SELECT 'SDG_ECRASEZ_LINFAME', 'LOC_SDG_ECRASEZ_LINFAME', 'LOC_SDG_ECRASEZ_LINFAME_DESCRIPTION', 'SDG_BELIEF_CLASS_MILITARY_' || (SELECT cast(COUNT(BeliefType) + 100 as text) FROM Beliefs WHERE BeliefClassType LIKE 'SDG_BELIEF_CLASS_%') ;

INSERT INTO BeliefModifiers (BeliefType, ModifierID) VALUES ('SDG_ECRASEZ_LINFAME', 'SDG_ECRASEZ_LINFAME_CITIES_ATTACH_MODIFIER') ; 
INSERT INTO Modifiers (ModifierId, ModifierType, SubjectRequirementSetId) VALUES ('SDG_ECRASEZ_LINFAME_CITIES_ATTACH_MODIFIER', 'MODIFIER_ALL_CITIES_ATTACH_MODIFIER', 'CITY_FOLLOWS_RELIGION_REQUIREMENTS') ;
INSERT INTO ModifierArguments (ModifierId, Name, Value) VALUES ('SDG_ECRASEZ_LINFAME_CITIES_ATTACH_MODIFIER', 'ModifierId', 'SDG_ACTIVATE_ECRASEZ_LINFAME_COMBAT') ;
INSERT INTO Modifiers (ModifierId, ModifierType) VALUES ('SDG_ACTIVATE_ECRASEZ_LINFAME_COMBAT', 'MODIFIER_SINGLE_CITY_GRANT_ABILITY_FOR_TRAINED_UNITS') ;
INSERT INTO ModifierArguments (ModifierId, Name, Value) VALUES ('SDG_ACTIVATE_ECRASEZ_LINFAME_COMBAT', 'AbilityType', 'SDG_ABILITY_ECRASEZ_LINFAME') ;



-- ------------------------------------
-- ------------------------------------
--  Veni Vidi Vici
-- ------------------------------------
-- ------------------------------------
INSERT INTO Types (Type, Kind) VALUES ('SDG_ABILITY_VENI_VIDI_VICI', 'KIND_ABILITY') ; 
INSERT INTO TypeTags (Type, Tag) VALUES ('SDG_ABILITY_VENI_VIDI_VICI', 'DB_CLASS_LAND_COMBAT') ; 
INSERT INTO UnitAbilities (UnitAbilityType, Name, Description, Inactive) VALUES ('SDG_ABILITY_VENI_VIDI_VICI', 'LOC_SDG_ABILITY_VENI_VIDI_VICI_NAME', 'LOC_SDG_ABILITY_VENI_VIDI_VICI_DESCRIPTION', 1) ;
INSERT INTO UnitAbilityModifiers (UnitAbilityType, ModifierId) VALUES ('SDG_ABILITY_VENI_VIDI_VICI', 'SDG_VENI_VIDI_VICI_COMBAT') ;
INSERT INTO Modifiers (ModifierId, ModifierType, SubjectRequirementSetId) VALUES ('SDG_VENI_VIDI_VICI_COMBAT', 'MODIFIER_UNIT_ADJUST_COMBAT_STRENGTH', 'DB_REQSET_OPPONENT_IS_NOT_CITY_OR_ENCAMPMENT') ;
INSERT INTO ModifierArguments (ModifierId, Name, Value) VALUES ('SDG_VENI_VIDI_VICI_COMBAT', 'Amount', 2) ;
INSERT INTO ModifierStrings (ModifierId, Context, Text) VALUES ('SDG_VENI_VIDI_VICI_COMBAT', 'Preview', 'LOC_SDG_VENI_VIDI_VICI_COMBAT_DESCRIPTION') ;

INSERT INTO Types (Type, Kind) VALUES ('SDG_VENI_VIDI_VICI', 'KIND_BELIEF') ; 
INSERT INTO BeliefClasses (BeliefClassType, Name, MaxInReligion, AdoptionOrder)
	SELECT 'SDG_BELIEF_CLASS_MILITARY_' || (SELECT cast(COUNT(BeliefType) + 100 as text) FROM Beliefs WHERE BeliefClassType LIKE 'SDG_BELIEF_CLASS_%'), 'LOC_SDG_BELIEF_CLASS_MILITARY_NAME', 999, (SELECT COUNT(BeliefType) + 100 FROM Beliefs WHERE BeliefClassType LIKE 'SDG_BELIEF_CLASS_%') ;
INSERT INTO Beliefs (BeliefType, Name, Description, BeliefClassType) 
	SELECT 'SDG_VENI_VIDI_VICI', 'LOC_SDG_VENI_VIDI_VICI', 'LOC_SDG_VENI_VIDI_VICI_DESCRIPTION', 'SDG_BELIEF_CLASS_MILITARY_' || (SELECT cast(COUNT(BeliefType) + 100 as text) FROM Beliefs WHERE BeliefClassType LIKE 'SDG_BELIEF_CLASS_%') ;

INSERT INTO BeliefModifiers (BeliefType, ModifierID) VALUES ('SDG_VENI_VIDI_VICI', 'SDG_VENI_VIDI_VICI_CITIES_ATTACH_MODIFIER') ; 
INSERT INTO Modifiers (ModifierId, ModifierType, SubjectRequirementSetId) VALUES ('SDG_VENI_VIDI_VICI_CITIES_ATTACH_MODIFIER', 'MODIFIER_ALL_CITIES_ATTACH_MODIFIER', 'CITY_FOLLOWS_RELIGION_REQUIREMENTS') ;
INSERT INTO ModifierArguments (ModifierId, Name, Value) VALUES ('SDG_VENI_VIDI_VICI_CITIES_ATTACH_MODIFIER', 'ModifierId', 'SDG_ACTIVATE_VENI_VIDI_VICI_COMBAT') ;
INSERT INTO Modifiers (ModifierId, ModifierType) VALUES ('SDG_ACTIVATE_VENI_VIDI_VICI_COMBAT', 'MODIFIER_SINGLE_CITY_GRANT_ABILITY_FOR_TRAINED_UNITS') ;
INSERT INTO ModifierArguments (ModifierId, Name, Value) VALUES ('SDG_ACTIVATE_VENI_VIDI_VICI_COMBAT', 'AbilityType', 'SDG_ABILITY_VENI_VIDI_VICI') ;


-- ------------------------------------
-- ------------------------------------
--  Shatter the Teeth
-- ------------------------------------
-- ------------------------------------
INSERT INTO Types (Type, Kind) VALUES ('SDG_ABILITY_SHATTER_THE_TEETH', 'KIND_ABILITY') ; 
INSERT INTO TypeTags (Type, Tag) VALUES ('SDG_ABILITY_SHATTER_THE_TEETH', 'DB_CLASS_LAND_COMBAT') ; 
INSERT INTO UnitAbilities (UnitAbilityType, Name, Description, Inactive) VALUES ('SDG_ABILITY_SHATTER_THE_TEETH', 'LOC_SDG_ABILITY_SHATTER_THE_TEETH_NAME', 'LOC_SDG_ABILITY_SHATTER_THE_TEETH_DESCRIPTION', 1) ;
INSERT INTO UnitAbilityModifiers (UnitAbilityType, ModifierId) VALUES ('SDG_ABILITY_SHATTER_THE_TEETH', 'SDG_SHATTER_THE_TEETH_COMBAT') ;
INSERT INTO Modifiers (ModifierId, ModifierType, SubjectRequirementSetId) VALUES ('SDG_SHATTER_THE_TEETH_COMBAT', 'MODIFIER_UNIT_ADJUST_COMBAT_STRENGTH', 'DB_REQSET_ATTACKING_IS_NOT_CITY_OR_ENCAMPMENT') ;
INSERT INTO ModifierArguments (ModifierId, Name, Value) VALUES ('SDG_SHATTER_THE_TEETH_COMBAT', 'Amount', 3) ;
INSERT INTO ModifierStrings (ModifierId, Context, Text) VALUES ('SDG_SHATTER_THE_TEETH_COMBAT', 'Preview', 'LOC_SDG_SHATTER_THE_TEETH_COMBAT_DESCRIPTION') ;

INSERT INTO Types (Type, Kind) VALUES ('SDG_SHATTER_THE_TEETH', 'KIND_BELIEF') ; 
INSERT INTO BeliefClasses (BeliefClassType, Name, MaxInReligion, AdoptionOrder)
	SELECT 'SDG_BELIEF_CLASS_MILITARY_' || (SELECT cast(COUNT(BeliefType) + 100 as text) FROM Beliefs WHERE BeliefClassType LIKE 'SDG_BELIEF_CLASS_%'), 'LOC_SDG_BELIEF_CLASS_MILITARY_NAME', 999, (SELECT COUNT(BeliefType) + 100 FROM Beliefs WHERE BeliefClassType LIKE 'SDG_BELIEF_CLASS_%') ;
INSERT INTO Beliefs (BeliefType, Name, Description, BeliefClassType) 
	SELECT 'SDG_SHATTER_THE_TEETH', 'LOC_SDG_SHATTER_THE_TEETH', 'LOC_SDG_SHATTER_THE_TEETH_DESCRIPTION', 'SDG_BELIEF_CLASS_MILITARY_' || (SELECT cast(COUNT(BeliefType) + 100 as text) FROM Beliefs WHERE BeliefClassType LIKE 'SDG_BELIEF_CLASS_%') ;

INSERT INTO BeliefModifiers (BeliefType, ModifierID) VALUES ('SDG_SHATTER_THE_TEETH', 'SDG_SHATTER_THE_TEETH_CITIES_ATTACH_MODIFIER') ; 
INSERT INTO Modifiers (ModifierId, ModifierType, SubjectRequirementSetId) VALUES ('SDG_SHATTER_THE_TEETH_CITIES_ATTACH_MODIFIER', 'MODIFIER_ALL_CITIES_ATTACH_MODIFIER', 'CITY_FOLLOWS_RELIGION_REQUIREMENTS') ;
INSERT INTO ModifierArguments (ModifierId, Name, Value) VALUES ('SDG_SHATTER_THE_TEETH_CITIES_ATTACH_MODIFIER', 'ModifierId', 'SDG_ACTIVATE_SHATTER_THE_TEETH_COMBAT') ;
INSERT INTO Modifiers (ModifierId, ModifierType) VALUES ('SDG_ACTIVATE_SHATTER_THE_TEETH_COMBAT', 'MODIFIER_SINGLE_CITY_GRANT_ABILITY_FOR_TRAINED_UNITS') ;
INSERT INTO ModifierArguments (ModifierId, Name, Value) VALUES ('SDG_ACTIVATE_SHATTER_THE_TEETH_COMBAT', 'AbilityType', 'SDG_ABILITY_SHATTER_THE_TEETH') ;


-- ------------------------------------
-- ------------------------------------
--  Armor of God
-- ------------------------------------
-- ------------------------------------
INSERT INTO Types (Type, Kind) VALUES ('SDG_ABILITY_ARMOR_OF_GOD', 'KIND_ABILITY') ; 
INSERT INTO TypeTags (Type, Tag) VALUES ('SDG_ABILITY_ARMOR_OF_GOD', 'DB_CLASS_LAND_COMBAT') ; 
INSERT INTO UnitAbilities (UnitAbilityType, Name, Description, Inactive) VALUES ('SDG_ABILITY_ARMOR_OF_GOD', 'LOC_SDG_ABILITY_ARMOR_OF_GOD_NAME', 'LOC_SDG_ABILITY_ARMOR_OF_GOD_DESCRIPTION', 1) ;
INSERT INTO UnitAbilityModifiers (UnitAbilityType, ModifierId) VALUES ('SDG_ABILITY_ARMOR_OF_GOD', 'SDG_ARMOR_OF_GOD_COMBAT') ;
INSERT INTO Modifiers (ModifierId, ModifierType, SubjectRequirementSetId) VALUES ('SDG_ARMOR_OF_GOD_COMBAT', 'MODIFIER_UNIT_ADJUST_COMBAT_STRENGTH', 'DB_REQSET_DEFENDING_IS_NOT_CITY_OR_ENCAMPMENT') ;
INSERT INTO ModifierArguments (ModifierId, Name, Value) VALUES ('SDG_ARMOR_OF_GOD_COMBAT', 'Amount', 4) ;
INSERT INTO ModifierStrings (ModifierId, Context, Text) VALUES ('SDG_ARMOR_OF_GOD_COMBAT', 'Preview', 'LOC_SDG_ARMOR_OF_GOD_COMBAT_DESCRIPTION') ;

INSERT INTO Types (Type, Kind) VALUES ('SDG_ARMOR_OF_GOD', 'KIND_BELIEF') ; 
INSERT INTO BeliefClasses (BeliefClassType, Name, MaxInReligion, AdoptionOrder)
	SELECT 'SDG_BELIEF_CLASS_MILITARY_' || (SELECT cast(COUNT(BeliefType) + 100 as text) FROM Beliefs WHERE BeliefClassType LIKE 'SDG_BELIEF_CLASS_%'), 'LOC_SDG_BELIEF_CLASS_MILITARY_NAME', 999, (SELECT COUNT(BeliefType) + 100 FROM Beliefs WHERE BeliefClassType LIKE 'SDG_BELIEF_CLASS_%') ;
INSERT INTO Beliefs (BeliefType, Name, Description, BeliefClassType) 
	SELECT 'SDG_ARMOR_OF_GOD', 'LOC_SDG_ARMOR_OF_GOD', 'LOC_SDG_ARMOR_OF_GOD_DESCRIPTION', 'SDG_BELIEF_CLASS_MILITARY_' || (SELECT cast(COUNT(BeliefType) + 100 as text) FROM Beliefs WHERE BeliefClassType LIKE 'SDG_BELIEF_CLASS_%') ;

INSERT INTO BeliefModifiers (BeliefType, ModifierID) VALUES ('SDG_ARMOR_OF_GOD', 'SDG_ARMOR_OF_GOD_CITIES_ATTACH_MODIFIER') ; 
INSERT INTO Modifiers (ModifierId, ModifierType, SubjectRequirementSetId) VALUES ('SDG_ARMOR_OF_GOD_CITIES_ATTACH_MODIFIER', 'MODIFIER_ALL_CITIES_ATTACH_MODIFIER', 'CITY_FOLLOWS_RELIGION_REQUIREMENTS') ;
INSERT INTO ModifierArguments (ModifierId, Name, Value) VALUES ('SDG_ARMOR_OF_GOD_CITIES_ATTACH_MODIFIER', 'ModifierId', 'SDG_ACTIVATE_ARMOR_OF_GOD_COMBAT') ;
INSERT INTO Modifiers (ModifierId, ModifierType) VALUES ('SDG_ACTIVATE_ARMOR_OF_GOD_COMBAT', 'MODIFIER_SINGLE_CITY_GRANT_ABILITY_FOR_TRAINED_UNITS') ;
INSERT INTO ModifierArguments (ModifierId, Name, Value) VALUES ('SDG_ACTIVATE_ARMOR_OF_GOD_COMBAT', 'AbilityType', 'SDG_ABILITY_ARMOR_OF_GOD') ;


-- ------------------------------------
-- ------------------------------------
--  His Truth is Marching On
-- ------------------------------------
-- ------------------------------------
INSERT INTO Types (Type, Kind) VALUES ('SDG_ABILITY_HIS_TRUTH', 'KIND_ABILITY') ; 
INSERT INTO TypeTags (Type, Tag) VALUES ('SDG_ABILITY_HIS_TRUTH', 'DB_CLASS_LAND_COMBAT') ; 
INSERT INTO UnitAbilities (UnitAbilityType, Name, Description, Inactive) VALUES ('SDG_ABILITY_HIS_TRUTH', 'LOC_SDG_ABILITY_HIS_TRUTH_NAME', 'LOC_SDG_ABILITY_HIS_TRUTH_DESCRIPTION', 1) ;
INSERT INTO UnitAbilityModifiers (UnitAbilityType, ModifierId) VALUES ('SDG_ABILITY_HIS_TRUTH', 'SDG_HIS_TRUTH_COMBAT') ;
INSERT INTO Modifiers (ModifierId, ModifierType, SubjectRequirementSetId) VALUES ('SDG_HIS_TRUTH_COMBAT', 'MODIFIER_UNIT_ADJUST_COMBAT_STRENGTH', 'DB_REQSET_INSIDE_FOREIGN_TERRITORY_ENEMY_OTHER_RELIGION_NOT_CITY_OR_ENCAMPMENT') ;
INSERT INTO ModifierArguments (ModifierId, Name, Value) VALUES ('SDG_HIS_TRUTH_COMBAT', 'Amount', 3) ;
INSERT INTO ModifierStrings (ModifierId, Context, Text) VALUES ('SDG_HIS_TRUTH_COMBAT', 'Preview', 'LOC_SDG_HIS_TRUTH_COMBAT_DESCRIPTION') ;

INSERT INTO Types (Type, Kind) VALUES ('SDG_HIS_TRUTH', 'KIND_BELIEF') ; 
INSERT INTO BeliefClasses (BeliefClassType, Name, MaxInReligion, AdoptionOrder)
	SELECT 'SDG_BELIEF_CLASS_MILITARY_' || (SELECT cast(COUNT(BeliefType) + 100 as text) FROM Beliefs WHERE BeliefClassType LIKE 'SDG_BELIEF_CLASS_%'), 'LOC_SDG_BELIEF_CLASS_MILITARY_NAME', 999, (SELECT COUNT(BeliefType) + 100 FROM Beliefs WHERE BeliefClassType LIKE 'SDG_BELIEF_CLASS_%') ;
INSERT INTO Beliefs (BeliefType, Name, Description, BeliefClassType) 
	SELECT 'SDG_HIS_TRUTH', 'LOC_SDG_HIS_TRUTH', 'LOC_SDG_HIS_TRUTH_DESCRIPTION', 'SDG_BELIEF_CLASS_MILITARY_' || (SELECT cast(COUNT(BeliefType) + 100 as text) FROM Beliefs WHERE BeliefClassType LIKE 'SDG_BELIEF_CLASS_%') ;

INSERT INTO BeliefModifiers (BeliefType, ModifierID) VALUES ('SDG_HIS_TRUTH', 'SDG_HIS_TRUTH_CITIES_ATTACH_MODIFIER') ; 
INSERT INTO Modifiers (ModifierId, ModifierType, SubjectRequirementSetId) VALUES ('SDG_HIS_TRUTH_CITIES_ATTACH_MODIFIER', 'MODIFIER_ALL_CITIES_ATTACH_MODIFIER', 'CITY_FOLLOWS_RELIGION_REQUIREMENTS') ;
INSERT INTO ModifierArguments (ModifierId, Name, Value) VALUES ('SDG_HIS_TRUTH_CITIES_ATTACH_MODIFIER', 'ModifierId', 'SDG_ACTIVATE_HIS_TRUTH_COMBAT') ;
INSERT INTO Modifiers (ModifierId, ModifierType) VALUES ('SDG_ACTIVATE_HIS_TRUTH_COMBAT', 'MODIFIER_SINGLE_CITY_GRANT_ABILITY_FOR_TRAINED_UNITS') ;
INSERT INTO ModifierArguments (ModifierId, Name, Value) VALUES ('SDG_ACTIVATE_HIS_TRUTH_COMBAT', 'AbilityType', 'SDG_ABILITY_HIS_TRUTH') ;

-- ------------------------------------
-- ------------------------------------
--  Carthago Delenda Est
-- ------------------------------------
-- ------------------------------------
INSERT INTO Types (Type, Kind) VALUES ('SDG_ABILITY_CARTHAGO_DELENDA_EST', 'KIND_ABILITY') ; 
INSERT INTO TypeTags (Type, Tag) VALUES ('SDG_ABILITY_CARTHAGO_DELENDA_EST', 'DB_CLASS_LAND_COMBAT') ; 
INSERT INTO UnitAbilities (UnitAbilityType, Name, Description, Inactive) VALUES ('SDG_ABILITY_CARTHAGO_DELENDA_EST', 'LOC_SDG_ABILITY_CARTHAGO_DELENDA_EST_NAME', 'LOC_SDG_ABILITY_CARTHAGO_DELENDA_EST_DESCRIPTION', 1) ;
INSERT INTO UnitAbilityModifiers (UnitAbilityType, ModifierId) VALUES ('SDG_ABILITY_CARTHAGO_DELENDA_EST', 'SDG_CARTHAGO_DELENDA_EST_COMBAT') ;
INSERT INTO Modifiers (ModifierId, ModifierType, SubjectRequirementSetId) VALUES ('SDG_CARTHAGO_DELENDA_EST_COMBAT', 'MODIFIER_UNIT_ADJUST_COMBAT_STRENGTH', 'DB_REQSET_ATTACKING_INSIDE_FOREIGN_TERRITORY_ENEMY_OTHER_RELIGION_NOT_CITY_OR_ENCAMPMENT') ;
INSERT INTO ModifierArguments (ModifierId, Name, Value) VALUES ('SDG_CARTHAGO_DELENDA_EST_COMBAT', 'Amount', 5) ;
INSERT INTO ModifierStrings (ModifierId, Context, Text) VALUES ('SDG_CARTHAGO_DELENDA_EST_COMBAT', 'Preview', 'LOC_SDG_CARTHAGO_DELENDA_EST_COMBAT_DESCRIPTION') ;

INSERT INTO Types (Type, Kind) VALUES ('SDG_CARTHAGO_DELENDA_EST', 'KIND_BELIEF') ; 

INSERT INTO BeliefClasses (BeliefClassType, Name, MaxInReligion, AdoptionOrder)
	SELECT 'SDG_BELIEF_CLASS_MILITARY_' || (SELECT cast(COUNT(BeliefType) + 100 as text) FROM Beliefs WHERE BeliefClassType LIKE 'SDG_BELIEF_CLASS_%'), 'LOC_SDG_BELIEF_CLASS_MILITARY_NAME', 999, (SELECT COUNT(BeliefType) + 100 FROM Beliefs WHERE BeliefClassType LIKE 'SDG_BELIEF_CLASS_%') ;
INSERT INTO Beliefs (BeliefType, Name, Description, BeliefClassType) 
	SELECT 'SDG_CARTHAGO_DELENDA_EST', 'LOC_SDG_CARTHAGO_DELENDA_EST', 'LOC_SDG_CARTHAGO_DELENDA_EST_DESCRIPTION', 'SDG_BELIEF_CLASS_MILITARY_' || (SELECT cast(COUNT(BeliefType) + 100 as text) FROM Beliefs WHERE BeliefClassType LIKE 'SDG_BELIEF_CLASS_%') ;

INSERT INTO BeliefModifiers (BeliefType, ModifierID) VALUES ('SDG_CARTHAGO_DELENDA_EST', 'SDG_CARTHAGO_DELENDA_EST_CITIES_ATTACH_MODIFIER') ; 
INSERT INTO Modifiers (ModifierId, ModifierType, SubjectRequirementSetId) VALUES ('SDG_CARTHAGO_DELENDA_EST_CITIES_ATTACH_MODIFIER', 'MODIFIER_ALL_CITIES_ATTACH_MODIFIER', 'CITY_FOLLOWS_RELIGION_REQUIREMENTS') ;
INSERT INTO ModifierArguments (ModifierId, Name, Value) VALUES ('SDG_CARTHAGO_DELENDA_EST_CITIES_ATTACH_MODIFIER', 'ModifierId', 'SDG_ACTIVATE_CARTHAGO_DELENDA_EST_COMBAT') ;
INSERT INTO Modifiers (ModifierId, ModifierType) VALUES ('SDG_ACTIVATE_CARTHAGO_DELENDA_EST_COMBAT', 'MODIFIER_SINGLE_CITY_GRANT_ABILITY_FOR_TRAINED_UNITS') ;
INSERT INTO ModifierArguments (ModifierId, Name, Value) VALUES ('SDG_ACTIVATE_CARTHAGO_DELENDA_EST_COMBAT', 'AbilityType', 'SDG_ABILITY_CARTHAGO_DELENDA_EST') ;


-- ------------------------------------
-- ------------------------------------
--  Deus Vult
-- ------------------------------------
-- ------------------------------------
INSERT INTO Types (Type, Kind) VALUES ('SDG_ABILITY_DEUS_VULT', 'KIND_ABILITY') ; 
INSERT INTO TypeTags (Type, Tag) VALUES ('SDG_ABILITY_DEUS_VULT', 'DB_CLASS_LAND_COMBAT') ; 
INSERT INTO UnitAbilities (UnitAbilityType, Name, Description, Inactive) VALUES ('SDG_ABILITY_DEUS_VULT', 'LOC_SDG_ABILITY_DEUS_VULT_NAME', 'LOC_SDG_ABILITY_DEUS_VULT_DESCRIPTION', 1) ;

INSERT INTO Types (Type, Kind) VALUES ('SDG_DEUS_VULT', 'KIND_BELIEF') ; 
INSERT INTO BeliefClasses (BeliefClassType, Name, MaxInReligion, AdoptionOrder)
	SELECT 'SDG_BELIEF_CLASS_MILITARY_' || (SELECT cast(COUNT(BeliefType) + 100 as text) FROM Beliefs WHERE BeliefClassType LIKE 'SDG_BELIEF_CLASS_%'), 'LOC_SDG_BELIEF_CLASS_MILITARY_NAME', 999, (SELECT COUNT(BeliefType) + 100 FROM Beliefs WHERE BeliefClassType LIKE 'SDG_BELIEF_CLASS_%') ;
INSERT INTO Beliefs (BeliefType, Name, Description, BeliefClassType) 
	SELECT 'SDG_DEUS_VULT', 'LOC_SDG_DEUS_VULT', 'LOC_SDG_DEUS_VULT_DESCRIPTION', 'SDG_BELIEF_CLASS_MILITARY_' || (SELECT cast(COUNT(BeliefType) + 100 as text) FROM Beliefs WHERE BeliefClassType LIKE 'SDG_BELIEF_CLASS_%') ;

INSERT INTO BeliefModifiers (BeliefType, ModifierID) VALUES ('SDG_DEUS_VULT', 'SDG_DEUS_VULT_CITIES_ATTACH_MODIFIER') ; 
INSERT INTO Modifiers (ModifierId, ModifierType, SubjectRequirementSetId) VALUES ('SDG_DEUS_VULT_CITIES_ATTACH_MODIFIER', 'MODIFIER_ALL_CITIES_ATTACH_MODIFIER', 'CITY_FOLLOWS_RELIGION_REQUIREMENTS') ;
INSERT INTO ModifierArguments (ModifierId, Name, Value) VALUES ('SDG_DEUS_VULT_CITIES_ATTACH_MODIFIER', 'ModifierId', 'SDG_ACTIVATE_DEUS_VULT_COMBAT') ;
INSERT INTO Modifiers (ModifierId, ModifierType) VALUES ('SDG_ACTIVATE_DEUS_VULT_COMBAT', 'MODIFIER_SINGLE_CITY_GRANT_ABILITY_FOR_TRAINED_UNITS') ;
INSERT INTO ModifierArguments (ModifierId, Name, Value) VALUES ('SDG_ACTIVATE_DEUS_VULT_COMBAT', 'AbilityType', 'SDG_ABILITY_DEUS_VULT') ;

INSERT INTO Requirements (RequirementId, RequirementType, ProgressWeight) VALUES ('SDG_REQ_UNIT_HAS_DEUS_VULT', 'REQUIREMENT_UNIT_HAS_ABILITY', 1) ;
INSERT INTO RequirementArguments (RequirementId, Name, Value) VALUES ('SDG_REQ_UNIT_HAS_DEUS_VULT', 'UnitAbilityType', 'SDG_ABILITY_DEUS_VULT') ;
INSERT INTO RequirementSets (RequirementSetId, RequirementSetType) VALUES ('SDG_REQSET_UNIT_HAS_DEUS_VULT', 'REQUIREMENTSET_TEST_ALL') ;
INSERT INTO RequirementSetRequirements	(RequirementSetId, RequirementId) VALUES
										('SDG_REQSET_UNIT_HAS_DEUS_VULT', 'SDG_REQ_UNIT_HAS_DEUS_VULT'),
										('SDG_REQSET_UNIT_HAS_DEUS_VULT', 'DB_REQ_INSIDE_FOREIGN_TERRITORY_WITH_BELIEF') ;

INSERT INTO BeliefModifiers (BeliefType, ModifierID) VALUES ('SDG_DEUS_VULT', 'SDG_DEUS_VULT_UNIT_APPLIES_MODIFIER') ; 
INSERT INTO Modifiers (ModifierId, ModifierType, SubjectRequirementSetId) VALUES ('SDG_DEUS_VULT_UNIT_APPLIES_MODIFIER', 'MODIFIER_ALL_UNITS_ATTACH_MODIFIER', 'SDG_REQSET_UNIT_HAS_DEUS_VULT') ;
INSERT INTO ModifierArguments (ModifierId, Name, Value) VALUES ('SDG_DEUS_VULT_UNIT_APPLIES_MODIFIER', 'ModifierId', 'SDG_DEUS_VULT_COMBAT') ;
INSERT INTO Modifiers (ModifierId, ModifierType, SubjectRequirementSetId) VALUES ('SDG_DEUS_VULT_COMBAT', 'MODIFIER_UNIT_ADJUST_COMBAT_STRENGTH', 'DB_REQSET_OPPONENT_IS_NOT_CITY_OR_ENCAMPMENT') ;
INSERT INTO ModifierArguments (ModifierId, Name, Value) VALUES ('SDG_DEUS_VULT_COMBAT', 'Amount', 5) ;
INSERT INTO ModifierStrings (ModifierId, Context, Text) VALUES ('SDG_DEUS_VULT_COMBAT', 'Preview', 'LOC_SDG_DEUS_VULT_COMBAT_DESCRIPTION') ;

-- ------------------------------------
-- ------------------------------------
--  Crusade
-- ------------------------------------
-- ------------------------------------
INSERT INTO Types (Type, Kind) VALUES ('SDG_ABILITY_CRUSADE', 'KIND_ABILITY') ; 
INSERT INTO TypeTags (Type, Tag) VALUES ('SDG_ABILITY_CRUSADE', 'DB_CLASS_LAND_COMBAT') ; 
INSERT INTO UnitAbilities (UnitAbilityType, Name, Description, Inactive) VALUES ('SDG_ABILITY_CRUSADE', 'LOC_SDG_ABILITY_CRUSADE_NAME', 'LOC_SDG_ABILITY_CRUSADE_DESCRIPTION', 1) ;

INSERT INTO Types (Type, Kind) VALUES ('SDG_CRUSADE', 'KIND_BELIEF') ; 
INSERT INTO BeliefClasses (BeliefClassType, Name, MaxInReligion, AdoptionOrder)
	SELECT 'SDG_BELIEF_CLASS_MILITARY_' || (SELECT cast(COUNT(BeliefType) + 100 as text) FROM Beliefs WHERE BeliefClassType LIKE 'SDG_BELIEF_CLASS_%'), 'LOC_SDG_BELIEF_CLASS_MILITARY_NAME', 999, (SELECT COUNT(BeliefType) + 100 FROM Beliefs WHERE BeliefClassType LIKE 'SDG_BELIEF_CLASS_%') ;
INSERT INTO Beliefs (BeliefType, Name, Description, BeliefClassType) 
	SELECT 'SDG_CRUSADE', 'LOC_SDG_CRUSADE', 'LOC_SDG_CRUSADE_DESCRIPTION', 'SDG_BELIEF_CLASS_MILITARY_' || (SELECT cast(COUNT(BeliefType) + 100 as text) FROM Beliefs WHERE BeliefClassType LIKE 'SDG_BELIEF_CLASS_%') ;

INSERT INTO BeliefModifiers (BeliefType, ModifierID) VALUES ('SDG_CRUSADE', 'SDG_CRUSADE_CITIES_ATTACH_MODIFIER') ; 
INSERT INTO Modifiers (ModifierId, ModifierType, SubjectRequirementSetId) VALUES ('SDG_CRUSADE_CITIES_ATTACH_MODIFIER', 'MODIFIER_ALL_CITIES_ATTACH_MODIFIER', 'CITY_FOLLOWS_RELIGION_REQUIREMENTS') ;
INSERT INTO ModifierArguments (ModifierId, Name, Value) VALUES ('SDG_CRUSADE_CITIES_ATTACH_MODIFIER', 'ModifierId', 'SDG_ACTIVATE_CRUSADE_COMBAT') ;
INSERT INTO Modifiers (ModifierId, ModifierType) VALUES ('SDG_ACTIVATE_CRUSADE_COMBAT', 'MODIFIER_SINGLE_CITY_GRANT_ABILITY_FOR_TRAINED_UNITS') ;
INSERT INTO ModifierArguments (ModifierId, Name, Value) VALUES ('SDG_ACTIVATE_CRUSADE_COMBAT', 'AbilityType', 'SDG_ABILITY_CRUSADE') ;

INSERT INTO Requirements (RequirementId, RequirementType, ProgressWeight) VALUES ('SDG_REQ_UNIT_HAS_CRUSADE', 'REQUIREMENT_UNIT_HAS_ABILITY', 1) ;
INSERT INTO RequirementArguments (RequirementId, Name, Value) VALUES ('SDG_REQ_UNIT_HAS_CRUSADE', 'UnitAbilityType', 'SDG_ABILITY_CRUSADE') ;
INSERT INTO RequirementSets (RequirementSetId, RequirementSetType) VALUES ('SDG_REQSET_UNIT_HAS_CRUSADE', 'REQUIREMENTSET_TEST_ALL') ;
INSERT INTO RequirementSetRequirements	(RequirementSetId, RequirementId) VALUES
										('SDG_REQSET_UNIT_HAS_CRUSADE', 'SDG_REQ_UNIT_HAS_CRUSADE'),
										('SDG_REQSET_UNIT_HAS_CRUSADE', 'DB_REQ_INSIDE_FOREIGN_TERRITORY_WITH_BELIEF') ;

INSERT INTO BeliefModifiers (BeliefType, ModifierID) VALUES ('SDG_CRUSADE', 'SDG_CRUSADE_UNIT_APPLIES_MODIFIER') ; 
INSERT INTO Modifiers (ModifierId, ModifierType, SubjectRequirementSetId) VALUES ('SDG_CRUSADE_UNIT_APPLIES_MODIFIER', 'MODIFIER_ALL_UNITS_ATTACH_MODIFIER', 'SDG_REQSET_UNIT_HAS_CRUSADE') ;
INSERT INTO ModifierArguments (ModifierId, Name, Value) VALUES ('SDG_CRUSADE_UNIT_APPLIES_MODIFIER', 'ModifierId', 'SDG_CRUSADE_COMBAT') ;
INSERT INTO Modifiers (ModifierId, ModifierType, SubjectRequirementSetId) VALUES ('SDG_CRUSADE_COMBAT', 'MODIFIER_UNIT_ADJUST_COMBAT_STRENGTH', 'DB_REQSET_ATTACKING_IS_NOT_CITY_OR_ENCAMPMENT') ;
INSERT INTO ModifierArguments (ModifierId, Name, Value) VALUES ('SDG_CRUSADE_COMBAT', 'Amount', 7) ;
INSERT INTO ModifierStrings (ModifierId, Context, Text) VALUES ('SDG_CRUSADE_COMBAT', 'Preview', 'LOC_SDG_CRUSADE_COMBAT_DESCRIPTION') ;


-- ------------------------------------
-- ------------------------------------
--  Tzevaot
-- ------------------------------------
-- ------------------------------------
INSERT INTO Types (Type, Kind) VALUES ('SDG_ABILITY_TZEVAOT', 'KIND_ABILITY') ; 
INSERT INTO TypeTags (Type, Tag) VALUES ('SDG_ABILITY_TZEVAOT', 'DB_CLASS_LAND_COMBAT') ; 
INSERT INTO UnitAbilities (UnitAbilityType, Name, Description, Inactive) VALUES ('SDG_ABILITY_TZEVAOT', 'LOC_SDG_ABILITY_TZEVAOT_NAME', 'LOC_SDG_ABILITY_TZEVAOT_DESCRIPTION', 1) ;

INSERT INTO Types (Type, Kind) VALUES ('SDG_TZEVAOT', 'KIND_BELIEF') ; 
INSERT INTO BeliefClasses (BeliefClassType, Name, MaxInReligion, AdoptionOrder)
	SELECT 'SDG_BELIEF_CLASS_MILITARY_' || (SELECT cast(COUNT(BeliefType) + 100 as text) FROM Beliefs WHERE BeliefClassType LIKE 'SDG_BELIEF_CLASS_%'), 'LOC_SDG_BELIEF_CLASS_MILITARY_NAME', 999, (SELECT COUNT(BeliefType) + 100 FROM Beliefs WHERE BeliefClassType LIKE 'SDG_BELIEF_CLASS_%') ;
INSERT INTO Beliefs (BeliefType, Name, Description, BeliefClassType) 
	SELECT 'SDG_TZEVAOT', 'LOC_SDG_TZEVAOT', 'LOC_SDG_TZEVAOT_DESCRIPTION', 'SDG_BELIEF_CLASS_MILITARY_' || (SELECT cast(COUNT(BeliefType) + 100 as text) FROM Beliefs WHERE BeliefClassType LIKE 'SDG_BELIEF_CLASS_%') ;

INSERT INTO BeliefModifiers (BeliefType, ModifierID) VALUES ('SDG_TZEVAOT', 'SDG_TZEVAOT_CITIES_ATTACH_MODIFIER') ; 
INSERT INTO Modifiers (ModifierId, ModifierType, SubjectRequirementSetId) VALUES ('SDG_TZEVAOT_CITIES_ATTACH_MODIFIER', 'MODIFIER_ALL_CITIES_ATTACH_MODIFIER', 'CITY_FOLLOWS_RELIGION_REQUIREMENTS') ;
INSERT INTO ModifierArguments (ModifierId, Name, Value) VALUES ('SDG_TZEVAOT_CITIES_ATTACH_MODIFIER', 'ModifierId', 'SDG_ACTIVATE_TZEVAOT_COMBAT') ;
INSERT INTO Modifiers (ModifierId, ModifierType) VALUES ('SDG_ACTIVATE_TZEVAOT_COMBAT', 'MODIFIER_SINGLE_CITY_GRANT_ABILITY_FOR_TRAINED_UNITS') ;
INSERT INTO ModifierArguments (ModifierId, Name, Value) VALUES ('SDG_ACTIVATE_TZEVAOT_COMBAT', 'AbilityType', 'SDG_ABILITY_TZEVAOT') ;

INSERT INTO Requirements (RequirementId, RequirementType, ProgressWeight) VALUES ('SDG_REQ_UNIT_HAS_TZEVAOT', 'REQUIREMENT_UNIT_HAS_ABILITY', 1) ;
INSERT INTO RequirementArguments (RequirementId, Name, Value) VALUES ('SDG_REQ_UNIT_HAS_TZEVAOT', 'UnitAbilityType', 'SDG_ABILITY_TZEVAOT') ;
INSERT INTO RequirementSets (RequirementSetId, RequirementSetType) VALUES ('SDG_REQSET_UNIT_HAS_TZEVAOT', 'REQUIREMENTSET_TEST_ALL') ;
INSERT INTO RequirementSetRequirements	(RequirementSetId, RequirementId) VALUES
										('SDG_REQSET_UNIT_HAS_TZEVAOT', 'SDG_REQ_UNIT_HAS_TZEVAOT'),
										('SDG_REQSET_UNIT_HAS_TZEVAOT', 'DB_REQ_INSIDE_HOME_TERRITORY_WITH_BELIEF') ;

INSERT INTO BeliefModifiers (BeliefType, ModifierID) VALUES ('SDG_TZEVAOT', 'SDG_TZEVAOT_UNIT_APPLIES_MODIFIER') ; 
INSERT INTO Modifiers (ModifierId, ModifierType, SubjectRequirementSetId) VALUES ('SDG_TZEVAOT_UNIT_APPLIES_MODIFIER', 'MODIFIER_ALL_UNITS_ATTACH_MODIFIER', 'SDG_REQSET_UNIT_HAS_TZEVAOT') ;
INSERT INTO ModifierArguments (ModifierId, Name, Value) VALUES ('SDG_TZEVAOT_UNIT_APPLIES_MODIFIER', 'ModifierId', 'SDG_TZEVAOT_COMBAT') ;
INSERT INTO Modifiers (ModifierId, ModifierType, SubjectRequirementSetId) VALUES ('SDG_TZEVAOT_COMBAT', 'MODIFIER_UNIT_ADJUST_COMBAT_STRENGTH', 'DB_REQSET_OPPONENT_IS_NOT_CITY_OR_ENCAMPMENT') ;
INSERT INTO ModifierArguments (ModifierId, Name, Value) VALUES ('SDG_TZEVAOT_COMBAT', 'Amount', 4) ;
INSERT INTO ModifierStrings (ModifierId, Context, Text) VALUES ('SDG_TZEVAOT_COMBAT', 'Preview', 'LOC_SDG_TZEVAOT_COMBAT_DESCRIPTION') ;


-- ------------------------------------
-- ------------------------------------
--  Wall of Righteousness
-- ------------------------------------
-- ------------------------------------
INSERT INTO Types (Type, Kind) VALUES ('SDG_ABILITY_WALL_OF_RIGHTEOUSNESS', 'KIND_ABILITY') ; 
INSERT INTO TypeTags (Type, Tag) VALUES ('SDG_ABILITY_WALL_OF_RIGHTEOUSNESS', 'DB_CLASS_LAND_COMBAT') ; 
INSERT INTO UnitAbilities (UnitAbilityType, Name, Description, Inactive) VALUES ('SDG_ABILITY_WALL_OF_RIGHTEOUSNESS', 'LOC_SDG_ABILITY_WALL_OF_RIGHTEOUSNESS_NAME', 'LOC_SDG_ABILITY_WALL_OF_RIGHTEOUSNESS_DESCRIPTION', 1) ;

INSERT INTO Types (Type, Kind) VALUES ('SDG_WALL_OF_RIGHTEOUSNESS', 'KIND_BELIEF') ; 
INSERT INTO BeliefClasses (BeliefClassType, Name, MaxInReligion, AdoptionOrder)
	SELECT 'SDG_BELIEF_CLASS_MILITARY_' || (SELECT cast(COUNT(BeliefType) + 100 as text) FROM Beliefs WHERE BeliefClassType LIKE 'SDG_BELIEF_CLASS_%'), 'LOC_SDG_BELIEF_CLASS_MILITARY_NAME', 999, (SELECT COUNT(BeliefType) + 100 FROM Beliefs WHERE BeliefClassType LIKE 'SDG_BELIEF_CLASS_%') ;
INSERT INTO Beliefs (BeliefType, Name, Description, BeliefClassType) 
	SELECT 'SDG_WALL_OF_RIGHTEOUSNESS', 'LOC_SDG_WALL_OF_RIGHTEOUSNESS', 'LOC_SDG_WALL_OF_RIGHTEOUSNESS_DESCRIPTION', 'SDG_BELIEF_CLASS_MILITARY_' || (SELECT cast(COUNT(BeliefType) + 100 as text) FROM Beliefs WHERE BeliefClassType LIKE 'SDG_BELIEF_CLASS_%') ;

INSERT INTO BeliefModifiers (BeliefType, ModifierID) VALUES ('SDG_WALL_OF_RIGHTEOUSNESS', 'SDG_WALL_OF_RIGHTEOUSNESS_CITIES_ATTACH_MODIFIER') ; 
INSERT INTO Modifiers (ModifierId, ModifierType, SubjectRequirementSetId) VALUES ('SDG_WALL_OF_RIGHTEOUSNESS_CITIES_ATTACH_MODIFIER', 'MODIFIER_ALL_CITIES_ATTACH_MODIFIER', 'CITY_FOLLOWS_RELIGION_REQUIREMENTS') ;
INSERT INTO ModifierArguments (ModifierId, Name, Value) VALUES ('SDG_WALL_OF_RIGHTEOUSNESS_CITIES_ATTACH_MODIFIER', 'ModifierId', 'SDG_ACTIVATE_WALL_OF_RIGHTEOUSNESS_COMBAT') ;
INSERT INTO Modifiers (ModifierId, ModifierType) VALUES ('SDG_ACTIVATE_WALL_OF_RIGHTEOUSNESS_COMBAT', 'MODIFIER_SINGLE_CITY_GRANT_ABILITY_FOR_TRAINED_UNITS') ;
INSERT INTO ModifierArguments (ModifierId, Name, Value) VALUES ('SDG_ACTIVATE_WALL_OF_RIGHTEOUSNESS_COMBAT', 'AbilityType', 'SDG_ABILITY_WALL_OF_RIGHTEOUSNESS') ;

INSERT INTO Requirements (RequirementId, RequirementType, ProgressWeight) VALUES ('SDG_REQ_UNIT_HAS_WALL_OF_RIGHTEOUSNESS', 'REQUIREMENT_UNIT_HAS_ABILITY', 1) ;
INSERT INTO RequirementArguments (RequirementId, Name, Value) VALUES ('SDG_REQ_UNIT_HAS_WALL_OF_RIGHTEOUSNESS', 'UnitAbilityType', 'SDG_ABILITY_WALL_OF_RIGHTEOUSNESS') ;
INSERT INTO RequirementSets (RequirementSetId, RequirementSetType) VALUES ('SDG_REQSET_UNIT_HAS_WALL_OF_RIGHTEOUSNESS', 'REQUIREMENTSET_TEST_ALL') ;
INSERT INTO RequirementSetRequirements	(RequirementSetId, RequirementId) VALUES
										('SDG_REQSET_UNIT_HAS_WALL_OF_RIGHTEOUSNESS', 'SDG_REQ_UNIT_HAS_WALL_OF_RIGHTEOUSNESS'),
										('SDG_REQSET_UNIT_HAS_WALL_OF_RIGHTEOUSNESS', 'DB_REQ_INSIDE_HOME_TERRITORY_WITH_BELIEF') ;

INSERT INTO BeliefModifiers (BeliefType, ModifierID) VALUES ('SDG_WALL_OF_RIGHTEOUSNESS', 'SDG_WALL_OF_RIGHTEOUSNESS_UNIT_APPLIES_MODIFIER') ; 
INSERT INTO Modifiers (ModifierId, ModifierType, SubjectRequirementSetId) VALUES ('SDG_WALL_OF_RIGHTEOUSNESS_UNIT_APPLIES_MODIFIER', 'MODIFIER_ALL_UNITS_ATTACH_MODIFIER', 'SDG_REQSET_UNIT_HAS_WALL_OF_RIGHTEOUSNESS') ;
INSERT INTO ModifierArguments (ModifierId, Name, Value) VALUES ('SDG_WALL_OF_RIGHTEOUSNESS_UNIT_APPLIES_MODIFIER', 'ModifierId', 'SDG_WALL_OF_RIGHTEOUSNESS_COMBAT') ;
INSERT INTO Modifiers (ModifierId, ModifierType, SubjectRequirementSetId) VALUES ('SDG_WALL_OF_RIGHTEOUSNESS_COMBAT', 'MODIFIER_UNIT_ADJUST_COMBAT_STRENGTH', 'DB_REQSET_DEFENDING_IS_NOT_CITY_OR_ENCAMPMENT') ;
INSERT INTO ModifierArguments (ModifierId, Name, Value) VALUES ('SDG_WALL_OF_RIGHTEOUSNESS_COMBAT', 'Amount', 10) ;
INSERT INTO ModifierStrings (ModifierId, Context, Text) VALUES ('SDG_WALL_OF_RIGHTEOUSNESS_COMBAT', 'Preview', 'LOC_SDG_WALL_OF_RIGHTEOUSNESS_COMBAT_DESCRIPTION') ;


-- ------------------------------------
-- ------------------------------------
--  A Mighty Fortress
-- ------------------------------------
-- ------------------------------------

INSERT INTO Types (Type, Kind) VALUES ('SDG_A_MIGHTY_FORTRESS', 'KIND_BELIEF') ;
INSERT INTO BeliefClasses (BeliefClassType, Name, MaxInReligion, AdoptionOrder)
	SELECT 'SDG_BELIEF_CLASS_MILITARY_' || (SELECT cast(COUNT(BeliefType) + 100 as text) FROM Beliefs WHERE BeliefClassType LIKE 'SDG_BELIEF_CLASS_%'), 'LOC_SDG_BELIEF_CLASS_MILITARY_NAME', 999, (SELECT COUNT(BeliefType) + 100 FROM Beliefs WHERE BeliefClassType LIKE 'SDG_BELIEF_CLASS_%') ;
INSERT INTO Beliefs (BeliefType, Name, Description, BeliefClassType) 
	SELECT 'SDG_A_MIGHTY_FORTRESS', 'LOC_SDG_A_MIGHTY_FORTRESS', 'LOC_SDG_A_MIGHTY_FORTRESS_DESCRIPTION', 'SDG_BELIEF_CLASS_MILITARY_' || (SELECT cast(COUNT(BeliefType) + 100 as text) FROM Beliefs WHERE BeliefClassType LIKE 'SDG_BELIEF_CLASS_%') ;

INSERT INTO RequirementSets (RequirementSetId, RequirementSetType) VALUES ('SDG_REQSET_FOLLOWS_RELIGION_AND_HAS_WALLS', 'REQUIREMENTSET_TEST_ALL') ;
INSERT INTO RequirementSetRequirements (RequirementSetId, RequirementId) VALUES 
('SDG_REQSET_FOLLOWS_RELIGION_AND_HAS_WALLS', 'DB_REQ_CITY_FOLLOWS_RELIGION'), 
('SDG_REQSET_FOLLOWS_RELIGION_AND_HAS_WALLS', 'DB_REQ_CITY_HAS_WALLS') ;

INSERT INTO BeliefModifiers (BeliefType, ModifierID) VALUES ('SDG_A_MIGHTY_FORTRESS', 'SDG_MIGHTY_FORTRESS_ADJUST_ATTACKS_PER_TURN') ;
INSERT INTO Modifiers (ModifierId, ModifierType, SubjectRequirementSetId) VALUES ('SDG_MIGHTY_FORTRESS_ADJUST_ATTACKS_PER_TURN', 'DB_DM_CITIES_ADJUST_ATTACKS_PER_TURN', 'SDG_REQSET_FOLLOWS_RELIGION_AND_HAS_WALLS') ;
INSERT INTO ModifierArguments (ModifierId, Name, Value) VALUES ('SDG_MIGHTY_FORTRESS_ADJUST_ATTACKS_PER_TURN', 'Amount', 1) ;

INSERT INTO BeliefModifiers (BeliefType, ModifierID) VALUES ('SDG_A_MIGHTY_FORTRESS', 'SDG_MIGHTY_FORTRESS_ADJUST_ATTACK_RANGE') ;
INSERT INTO Modifiers (ModifierId, ModifierType, SubjectRequirementSetId) VALUES ('SDG_MIGHTY_FORTRESS_ADJUST_ATTACK_RANGE', 'MODIFIER_ALL_CITIES_ATTACH_MODIFIER', 'SDG_REQSET_FOLLOWS_RELIGION_AND_HAS_WALLS') ;
INSERT INTO ModifierArguments (ModifierId, Name, Value) VALUES ('SDG_MIGHTY_FORTRESS_ADJUST_ATTACK_RANGE', 'ModifierId', 'SDG_MIGHTY_FORTRESS_ADJUST_ATTACK_RANGE2') ;
INSERT INTO Modifiers (ModifierId, ModifierType, SubjectRequirementSetId) VALUES ('SDG_MIGHTY_FORTRESS_ADJUST_ATTACK_RANGE2', 'DB_DM_DISTRICTS_ADJUST_ATTACK_RANGE', 'DB_REQSET_IS_CITY_CENTER') ;
INSERT INTO ModifierArguments (ModifierId, Name, Value) VALUES ('SDG_MIGHTY_FORTRESS_ADJUST_ATTACK_RANGE2', 'Amount', 1) ;

INSERT INTO BeliefModifiers (BeliefType, ModifierID) VALUES ('SDG_A_MIGHTY_FORTRESS', 'SDG_MIGHTY_FORTRESS_PREVENT_RAM') ;
INSERT INTO Modifiers (ModifierId, ModifierType, SubjectRequirementSetId) VALUES ('SDG_MIGHTY_FORTRESS_PREVENT_RAM', 'DB_DM_CITIES_PREVENT_RAM', 'SDG_REQSET_FOLLOWS_RELIGION_AND_HAS_WALLS') ;

INSERT INTO BeliefModifiers (BeliefType, ModifierID) VALUES ('SDG_A_MIGHTY_FORTRESS', 'SDG_MIGHTY_FORTRESS_PREVENT_TOWER') ;
INSERT INTO Modifiers (ModifierId, ModifierType, SubjectRequirementSetId) VALUES ('SDG_MIGHTY_FORTRESS_PREVENT_TOWER', 'DB_DM_CITIES_PREVENT_TOWER', 'SDG_REQSET_FOLLOWS_RELIGION_AND_HAS_WALLS') ;


-- ------------------------------------
-- ------------------------------------
--  A Memory of Solferino (+10 healing/turn to land units everywhere)
-- ------------------------------------
-- ------------------------------------
INSERT INTO Types (Type, Kind) VALUES ('SDG_ABILITY_A_MEMORY_OF_SOLFERINO_HEAL', 'KIND_ABILITY') ; 
INSERT INTO TypeTags (Type, Tag) VALUES ('SDG_ABILITY_A_MEMORY_OF_SOLFERINO_HEAL', 'DB_CLASS_LAND_COMBAT') ; 
INSERT INTO UnitAbilities (UnitAbilityType, Name, Description, Inactive) VALUES ('SDG_ABILITY_A_MEMORY_OF_SOLFERINO_HEAL', 'LOC_SDG_ABILITY_A_MEMORY_OF_SOLFERINO_HEAL_NAME', 'LOC_SDG_ABILITY_A_MEMORY_OF_SOLFERINO_HEAL_DESCRIPTION', 1) ;
INSERT INTO UnitAbilityModifiers (UnitAbilityType, ModifierId) VALUES ('SDG_ABILITY_A_MEMORY_OF_SOLFERINO_HEAL', 'SDG_ABILITY_SOLFERINO_MODIFIER') ;
INSERT INTO Modifiers (ModifierId, ModifierType) VALUES ('SDG_ABILITY_SOLFERINO_MODIFIER', 'MODIFIER_PLAYER_UNIT_ADJUST_HEAL_PER_TURN') ;
INSERT INTO ModifierArguments (ModifierId, Name, Value) VALUES 
                              ('SDG_ABILITY_SOLFERINO_MODIFIER', 'Amount', 10),
							  ('SDG_ABILITY_SOLFERINO_MODIFIER', 'Type', 'ALL') ;

INSERT INTO Types (Type, Kind) VALUES ('SDG_A_MEMORY_OF_SOLFERINO', 'KIND_BELIEF') ; 

INSERT INTO BeliefClasses (BeliefClassType, Name, MaxInReligion, AdoptionOrder)
	SELECT 'SDG_BELIEF_CLASS_MILITARY_' || (SELECT cast(COUNT(BeliefType) + 100 as text) FROM Beliefs WHERE BeliefClassType LIKE 'SDG_BELIEF_CLASS_%'), 'LOC_SDG_BELIEF_CLASS_MILITARY_NAME', 999, (SELECT COUNT(BeliefType) + 100 FROM Beliefs WHERE BeliefClassType LIKE 'SDG_BELIEF_CLASS_%') ;
INSERT INTO Beliefs (BeliefType, Name, Description, BeliefClassType) 
	SELECT 'SDG_A_MEMORY_OF_SOLFERINO', 'LOC_SDG_A_MEMORY_OF_SOLFERINO', 'LOC_SDG_A_MEMORY_OF_SOLFERINO_DESCRIPTION', 'SDG_BELIEF_CLASS_MILITARY_' || (SELECT cast(COUNT(BeliefType) + 100 as text) FROM Beliefs WHERE BeliefClassType LIKE 'SDG_BELIEF_CLASS_%') ;

INSERT INTO BeliefModifiers (BeliefType, ModifierID) VALUES ('SDG_A_MEMORY_OF_SOLFERINO', 'SDG_A_MEMORY_OF_SOLFERINO_CITIES_ATTACH_MODIFIER') ;

INSERT INTO Modifiers (ModifierId, ModifierType, SubjectRequirementSetId) VALUES ('SDG_A_MEMORY_OF_SOLFERINO_CITIES_ATTACH_MODIFIER', 'MODIFIER_ALL_CITIES_ATTACH_MODIFIER', 'CITY_FOLLOWS_RELIGION_REQUIREMENTS') ;
INSERT INTO ModifierArguments (ModifierId, Name, Value) VALUES ('SDG_A_MEMORY_OF_SOLFERINO_CITIES_ATTACH_MODIFIER', 'ModifierId', 'SDG_ACTIVATE_SOLFERINO_HEALING') ;

INSERT INTO Modifiers (ModifierId, ModifierType) VALUES ('SDG_ACTIVATE_SOLFERINO_HEALING', 'MODIFIER_SINGLE_CITY_GRANT_ABILITY_FOR_TRAINED_UNITS') ;
INSERT INTO ModifierArguments (ModifierId, Name, Value) VALUES ('SDG_ACTIVATE_SOLFERINO_HEALING', 'AbilityType', 'SDG_ABILITY_A_MEMORY_OF_SOLFERINO_HEAL') ;