-- ------------------------------------
--  Zeus
-- ------------------------------------
INSERT OR IGNORE INTO Types (Type, Kind) VALUES ('OP_ZEUS', 'KIND_BELIEF') ;
INSERT OR IGNORE INTO Beliefs (BeliefType, Name, Description, BeliefClassType) VALUES ('OP_ZEUS', 'LOC_OP_ZEUS', 'LOC_OP_ZEUS_DESCRIPTION', 'BELIEF_CLASS_PANTHEON') ;
--   AERODROME adjacency +1 per mountain
INSERT OR IGNORE INTO BeliefModifiers (BeliefType, ModifierID) VALUES 
                            ('OP_ZEUS', 'OP_ZEUS_GRASS_MOUNTAIN_AERODROME_ADJACENCY') ;
INSERT OR IGNORE INTO Modifiers(ModifierId, ModifierType, SubjectRequirementSetId) VALUES 
                     ('OP_ZEUS_GRASS_MOUNTAIN_AERODROME_ADJACENCY', 'MODIFIER_ALL_CITIES_TERRAIN_ADJACENCY', 'CITY_FOLLOWS_PANTHEON_REQUIREMENTS') ;
INSERT OR IGNORE INTO ModifierArguments(ModifierId, Name, Value) VALUES
							 ('OP_ZEUS_GRASS_MOUNTAIN_AERODROME_ADJACENCY', 'DistrictType', 'DISTRICT_AERODROME'),
							 ('OP_ZEUS_GRASS_MOUNTAIN_AERODROME_ADJACENCY', 'Description', 'LOC_OP_DISTRICT_MOUNTAIN_PRODUCTION'),
							 ('OP_ZEUS_GRASS_MOUNTAIN_AERODROME_ADJACENCY', 'TerrainType', 'TERRAIN_GRASS_MOUNTAIN'),
							 ('OP_ZEUS_GRASS_MOUNTAIN_AERODROME_ADJACENCY', 'YieldType', 'YIELD_PRODUCTION'),
                             ('OP_ZEUS_GRASS_MOUNTAIN_AERODROME_ADJACENCY', 'Amount', 1) ;
INSERT OR IGNORE INTO BeliefModifiers (BeliefType, ModifierID) VALUES 
                            ('OP_ZEUS', 'OP_ZEUS_PLAINS_MOUNTAIN_AERODROME_ADJACENCY') ;
INSERT OR IGNORE INTO Modifiers(ModifierId, ModifierType, SubjectRequirementSetId) VALUES 
                     ('OP_ZEUS_PLAINS_MOUNTAIN_AERODROME_ADJACENCY', 'MODIFIER_ALL_CITIES_TERRAIN_ADJACENCY', 'CITY_FOLLOWS_PANTHEON_REQUIREMENTS') ;
INSERT OR IGNORE INTO ModifierArguments(ModifierId, Name, Value) VALUES
							 ('OP_ZEUS_PLAINS_MOUNTAIN_AERODROME_ADJACENCY', 'DistrictType', 'DISTRICT_AERODROME'),
							 ('OP_ZEUS_PLAINS_MOUNTAIN_AERODROME_ADJACENCY', 'Description', 'LOC_OP_DISTRICT_MOUNTAIN_PRODUCTION'),
							 ('OP_ZEUS_PLAINS_MOUNTAIN_AERODROME_ADJACENCY', 'TerrainType', 'TERRAIN_PLAINS_MOUNTAIN'),
							 ('OP_ZEUS_PLAINS_MOUNTAIN_AERODROME_ADJACENCY', 'YieldType', 'YIELD_PRODUCTION'),
                             ('OP_ZEUS_PLAINS_MOUNTAIN_AERODROME_ADJACENCY', 'Amount', 1) ;
INSERT OR IGNORE INTO BeliefModifiers (BeliefType, ModifierID) VALUES 
                            ('OP_ZEUS', 'OP_ZEUS_DESERT_MOUNTAIN_AERODROME_ADJACENCY') ;
INSERT OR IGNORE INTO Modifiers(ModifierId, ModifierType, SubjectRequirementSetId) VALUES 
                     ('OP_ZEUS_DESERT_MOUNTAIN_AERODROME_ADJACENCY', 'MODIFIER_ALL_CITIES_TERRAIN_ADJACENCY', 'CITY_FOLLOWS_PANTHEON_REQUIREMENTS') ;
INSERT OR IGNORE INTO ModifierArguments(ModifierId, Name, Value) VALUES
							 ('OP_ZEUS_DESERT_MOUNTAIN_AERODROME_ADJACENCY', 'DistrictType', 'DISTRICT_AERODROME'),
							 ('OP_ZEUS_DESERT_MOUNTAIN_AERODROME_ADJACENCY', 'Description', 'LOC_OP_DISTRICT_MOUNTAIN_PRODUCTION'),
							 ('OP_ZEUS_DESERT_MOUNTAIN_AERODROME_ADJACENCY', 'TerrainType', 'TERRAIN_DESERT_MOUNTAIN'),
							 ('OP_ZEUS_DESERT_MOUNTAIN_AERODROME_ADJACENCY', 'YieldType', 'YIELD_PRODUCTION'),
                             ('OP_ZEUS_DESERT_MOUNTAIN_AERODROME_ADJACENCY', 'Amount', 1) ;
INSERT OR IGNORE INTO BeliefModifiers (BeliefType, ModifierID) VALUES 
                            ('OP_ZEUS', 'OP_ZEUS_TUNDRA_MOUNTAIN_AERODROME_ADJACENCY') ;
INSERT OR IGNORE INTO Modifiers(ModifierId, ModifierType, SubjectRequirementSetId) VALUES 
                     ('OP_ZEUS_TUNDRA_MOUNTAIN_AERODROME_ADJACENCY', 'MODIFIER_ALL_CITIES_TERRAIN_ADJACENCY', 'CITY_FOLLOWS_PANTHEON_REQUIREMENTS') ;
INSERT OR IGNORE INTO ModifierArguments(ModifierId, Name, Value) VALUES
							 ('OP_ZEUS_TUNDRA_MOUNTAIN_AERODROME_ADJACENCY', 'DistrictType', 'DISTRICT_AERODROME'),
							 ('OP_ZEUS_TUNDRA_MOUNTAIN_AERODROME_ADJACENCY', 'Description', 'LOC_OP_DISTRICT_MOUNTAIN_PRODUCTION'),
							 ('OP_ZEUS_TUNDRA_MOUNTAIN_AERODROME_ADJACENCY', 'TerrainType', 'TERRAIN_TUNDRA_MOUNTAIN'),
							 ('OP_ZEUS_TUNDRA_MOUNTAIN_AERODROME_ADJACENCY', 'YieldType', 'YIELD_PRODUCTION'),
                             ('OP_ZEUS_TUNDRA_MOUNTAIN_AERODROME_ADJACENCY', 'Amount', 1) ;
INSERT OR IGNORE INTO BeliefModifiers (BeliefType, ModifierID) VALUES 
                            ('OP_ZEUS', 'OP_ZEUS_SNOW_MOUNTAIN_AERODROME_ADJACENCY') ;
INSERT OR IGNORE INTO Modifiers(ModifierId, ModifierType, SubjectRequirementSetId) VALUES 
                     ('OP_ZEUS_SNOW_MOUNTAIN_AERODROME_ADJACENCY', 'MODIFIER_ALL_CITIES_TERRAIN_ADJACENCY', 'CITY_FOLLOWS_PANTHEON_REQUIREMENTS') ;
INSERT OR IGNORE INTO ModifierArguments(ModifierId, Name, Value) VALUES
							 ('OP_ZEUS_SNOW_MOUNTAIN_AERODROME_ADJACENCY', 'DistrictType', 'DISTRICT_AERODROME'),
							 ('OP_ZEUS_SNOW_MOUNTAIN_AERODROME_ADJACENCY', 'Description', 'LOC_OP_DISTRICT_MOUNTAIN_PRODUCTION'),
							 ('OP_ZEUS_SNOW_MOUNTAIN_AERODROME_ADJACENCY', 'TerrainType', 'TERRAIN_SNOW_MOUNTAIN'),
							 ('OP_ZEUS_SNOW_MOUNTAIN_AERODROME_ADJACENCY', 'YieldType', 'YIELD_PRODUCTION'),
                             ('OP_ZEUS_SNOW_MOUNTAIN_AERODROME_ADJACENCY', 'Amount', 1) ;
							 
--   AQUEDUCT adjacency +1 per mountain
INSERT OR IGNORE INTO BeliefModifiers (BeliefType, ModifierID) VALUES 
                            ('OP_ZEUS', 'OP_ZEUS_GRASS_MOUNTAIN_AQUEDUCT_ADJACENCY') ;
INSERT OR IGNORE INTO Modifiers(ModifierId, ModifierType, SubjectRequirementSetId) VALUES 
                     ('OP_ZEUS_GRASS_MOUNTAIN_AQUEDUCT_ADJACENCY', 'MODIFIER_ALL_CITIES_TERRAIN_ADJACENCY', 'CITY_FOLLOWS_PANTHEON_REQUIREMENTS') ;
INSERT OR IGNORE INTO ModifierArguments(ModifierId, Name, Value) VALUES
							 ('OP_ZEUS_GRASS_MOUNTAIN_AQUEDUCT_ADJACENCY', 'DistrictType', 'DISTRICT_AQUEDUCT'),
							 ('OP_ZEUS_GRASS_MOUNTAIN_AQUEDUCT_ADJACENCY', 'Description', 'LOC_OP_DISTRICT_MOUNTAIN_FOOD'),
							 ('OP_ZEUS_GRASS_MOUNTAIN_AQUEDUCT_ADJACENCY', 'TerrainType', 'TERRAIN_GRASS_MOUNTAIN'),
							 ('OP_ZEUS_GRASS_MOUNTAIN_AQUEDUCT_ADJACENCY', 'YieldType', 'YIELD_FOOD'),
                             ('OP_ZEUS_GRASS_MOUNTAIN_AQUEDUCT_ADJACENCY', 'Amount', 1) ;
INSERT OR IGNORE INTO BeliefModifiers (BeliefType, ModifierID) VALUES 
                            ('OP_ZEUS', 'OP_ZEUS_PLAINS_MOUNTAIN_AQUEDUCT_ADJACENCY') ;
INSERT OR IGNORE INTO Modifiers(ModifierId, ModifierType, SubjectRequirementSetId) VALUES 
                     ('OP_ZEUS_PLAINS_MOUNTAIN_AQUEDUCT_ADJACENCY', 'MODIFIER_ALL_CITIES_TERRAIN_ADJACENCY', 'CITY_FOLLOWS_PANTHEON_REQUIREMENTS') ;
INSERT OR IGNORE INTO ModifierArguments(ModifierId, Name, Value) VALUES
							 ('OP_ZEUS_PLAINS_MOUNTAIN_AQUEDUCT_ADJACENCY', 'DistrictType', 'DISTRICT_AQUEDUCT'),
							 ('OP_ZEUS_PLAINS_MOUNTAIN_AQUEDUCT_ADJACENCY', 'Description', 'LOC_OP_DISTRICT_MOUNTAIN_FOOD'),
							 ('OP_ZEUS_PLAINS_MOUNTAIN_AQUEDUCT_ADJACENCY', 'TerrainType', 'TERRAIN_PLAINS_MOUNTAIN'),
							 ('OP_ZEUS_PLAINS_MOUNTAIN_AQUEDUCT_ADJACENCY', 'YieldType', 'YIELD_FOOD'),
                             ('OP_ZEUS_PLAINS_MOUNTAIN_AQUEDUCT_ADJACENCY', 'Amount', 1) ;
INSERT OR IGNORE INTO BeliefModifiers (BeliefType, ModifierID) VALUES 
                            ('OP_ZEUS', 'OP_ZEUS_DESERT_MOUNTAIN_AQUEDUCT_ADJACENCY') ;
INSERT OR IGNORE INTO Modifiers(ModifierId, ModifierType, SubjectRequirementSetId) VALUES 
                     ('OP_ZEUS_DESERT_MOUNTAIN_AQUEDUCT_ADJACENCY', 'MODIFIER_ALL_CITIES_TERRAIN_ADJACENCY', 'CITY_FOLLOWS_PANTHEON_REQUIREMENTS') ;
INSERT OR IGNORE INTO ModifierArguments(ModifierId, Name, Value) VALUES
							 ('OP_ZEUS_DESERT_MOUNTAIN_AQUEDUCT_ADJACENCY', 'DistrictType', 'DISTRICT_AQUEDUCT'),
							 ('OP_ZEUS_DESERT_MOUNTAIN_AQUEDUCT_ADJACENCY', 'Description', 'LOC_OP_DISTRICT_MOUNTAIN_FOOD'),
							 ('OP_ZEUS_DESERT_MOUNTAIN_AQUEDUCT_ADJACENCY', 'TerrainType', 'TERRAIN_DESERT_MOUNTAIN'),
							 ('OP_ZEUS_DESERT_MOUNTAIN_AQUEDUCT_ADJACENCY', 'YieldType', 'YIELD_FOOD'),
                             ('OP_ZEUS_DESERT_MOUNTAIN_AQUEDUCT_ADJACENCY', 'Amount', 1) ;
INSERT OR IGNORE INTO BeliefModifiers (BeliefType, ModifierID) VALUES 
                            ('OP_ZEUS', 'OP_ZEUS_TUNDRA_MOUNTAIN_AQUEDUCT_ADJACENCY') ;
INSERT OR IGNORE INTO Modifiers(ModifierId, ModifierType, SubjectRequirementSetId) VALUES 
                     ('OP_ZEUS_TUNDRA_MOUNTAIN_AQUEDUCT_ADJACENCY', 'MODIFIER_ALL_CITIES_TERRAIN_ADJACENCY', 'CITY_FOLLOWS_PANTHEON_REQUIREMENTS') ;
INSERT OR IGNORE INTO ModifierArguments(ModifierId, Name, Value) VALUES
							 ('OP_ZEUS_TUNDRA_MOUNTAIN_AQUEDUCT_ADJACENCY', 'DistrictType', 'DISTRICT_AQUEDUCT'),
							 ('OP_ZEUS_TUNDRA_MOUNTAIN_AQUEDUCT_ADJACENCY', 'Description', 'LOC_OP_DISTRICT_MOUNTAIN_FOOD'),
							 ('OP_ZEUS_TUNDRA_MOUNTAIN_AQUEDUCT_ADJACENCY', 'TerrainType', 'TERRAIN_TUNDRA_MOUNTAIN'),
							 ('OP_ZEUS_TUNDRA_MOUNTAIN_AQUEDUCT_ADJACENCY', 'YieldType', 'YIELD_FOOD'),
                             ('OP_ZEUS_TUNDRA_MOUNTAIN_AQUEDUCT_ADJACENCY', 'Amount', 1) ;
INSERT OR IGNORE INTO BeliefModifiers (BeliefType, ModifierID) VALUES 
                            ('OP_ZEUS', 'OP_ZEUS_SNOW_MOUNTAIN_AQUEDUCT_ADJACENCY') ;
INSERT OR IGNORE INTO Modifiers(ModifierId, ModifierType, SubjectRequirementSetId) VALUES 
                     ('OP_ZEUS_SNOW_MOUNTAIN_AQUEDUCT_ADJACENCY', 'MODIFIER_ALL_CITIES_TERRAIN_ADJACENCY', 'CITY_FOLLOWS_PANTHEON_REQUIREMENTS') ;
INSERT OR IGNORE INTO ModifierArguments(ModifierId, Name, Value) VALUES
							 ('OP_ZEUS_SNOW_MOUNTAIN_AQUEDUCT_ADJACENCY', 'DistrictType', 'DISTRICT_AQUEDUCT'),
							 ('OP_ZEUS_SNOW_MOUNTAIN_AQUEDUCT_ADJACENCY', 'Description', 'LOC_OP_DISTRICT_MOUNTAIN_FOOD'),
							 ('OP_ZEUS_SNOW_MOUNTAIN_AQUEDUCT_ADJACENCY', 'TerrainType', 'TERRAIN_SNOW_MOUNTAIN'),
							 ('OP_ZEUS_SNOW_MOUNTAIN_AQUEDUCT_ADJACENCY', 'YieldType', 'YIELD_FOOD'),
                             ('OP_ZEUS_SNOW_MOUNTAIN_AQUEDUCT_ADJACENCY', 'Amount', 1) ;
							 
--   CAMPUS adjacency +1 per mountain
INSERT OR IGNORE INTO BeliefModifiers (BeliefType, ModifierID) VALUES 
                            ('OP_ZEUS', 'OP_ZEUS_GRASS_MOUNTAIN_CAMPUS_ADJACENCY') ;
INSERT OR IGNORE INTO Modifiers(ModifierId, ModifierType, SubjectRequirementSetId) VALUES 
                     ('OP_ZEUS_GRASS_MOUNTAIN_CAMPUS_ADJACENCY', 'MODIFIER_ALL_CITIES_TERRAIN_ADJACENCY', 'CITY_FOLLOWS_PANTHEON_REQUIREMENTS') ;
INSERT OR IGNORE INTO ModifierArguments(ModifierId, Name, Value) VALUES
							 ('OP_ZEUS_GRASS_MOUNTAIN_CAMPUS_ADJACENCY', 'DistrictType', 'DISTRICT_CAMPUS'),
							 ('OP_ZEUS_GRASS_MOUNTAIN_CAMPUS_ADJACENCY', 'Description', 'LOC_OP_DISTRICT_MOUNTAIN_SCIENCE'),
							 ('OP_ZEUS_GRASS_MOUNTAIN_CAMPUS_ADJACENCY', 'TerrainType', 'TERRAIN_GRASS_MOUNTAIN'),
							 ('OP_ZEUS_GRASS_MOUNTAIN_CAMPUS_ADJACENCY', 'YieldType', 'YIELD_SCIENCE'),
                             ('OP_ZEUS_GRASS_MOUNTAIN_CAMPUS_ADJACENCY', 'Amount', 1) ;
INSERT OR IGNORE INTO BeliefModifiers (BeliefType, ModifierID) VALUES 
                            ('OP_ZEUS', 'OP_ZEUS_PLAINS_MOUNTAIN_CAMPUS_ADJACENCY') ;
INSERT OR IGNORE INTO Modifiers(ModifierId, ModifierType, SubjectRequirementSetId) VALUES 
                     ('OP_ZEUS_PLAINS_MOUNTAIN_CAMPUS_ADJACENCY', 'MODIFIER_ALL_CITIES_TERRAIN_ADJACENCY', 'CITY_FOLLOWS_PANTHEON_REQUIREMENTS') ;
INSERT OR IGNORE INTO ModifierArguments(ModifierId, Name, Value) VALUES
							 ('OP_ZEUS_PLAINS_MOUNTAIN_CAMPUS_ADJACENCY', 'DistrictType', 'DISTRICT_CAMPUS'),
							 ('OP_ZEUS_PLAINS_MOUNTAIN_CAMPUS_ADJACENCY', 'Description', 'LOC_OP_DISTRICT_MOUNTAIN_SCIENCE'),
							 ('OP_ZEUS_PLAINS_MOUNTAIN_CAMPUS_ADJACENCY', 'TerrainType', 'TERRAIN_PLAINS_MOUNTAIN'),
							 ('OP_ZEUS_PLAINS_MOUNTAIN_CAMPUS_ADJACENCY', 'YieldType', 'YIELD_SCIENCE'),
                             ('OP_ZEUS_PLAINS_MOUNTAIN_CAMPUS_ADJACENCY', 'Amount', 1) ;
INSERT OR IGNORE INTO BeliefModifiers (BeliefType, ModifierID) VALUES 
                            ('OP_ZEUS', 'OP_ZEUS_DESERT_MOUNTAIN_CAMPUS_ADJACENCY') ;
INSERT OR IGNORE INTO Modifiers(ModifierId, ModifierType, SubjectRequirementSetId) VALUES 
                     ('OP_ZEUS_DESERT_MOUNTAIN_CAMPUS_ADJACENCY', 'MODIFIER_ALL_CITIES_TERRAIN_ADJACENCY', 'CITY_FOLLOWS_PANTHEON_REQUIREMENTS') ;
INSERT OR IGNORE INTO ModifierArguments(ModifierId, Name, Value) VALUES
							 ('OP_ZEUS_DESERT_MOUNTAIN_CAMPUS_ADJACENCY', 'DistrictType', 'DISTRICT_CAMPUS'),
							 ('OP_ZEUS_DESERT_MOUNTAIN_CAMPUS_ADJACENCY', 'Description', 'LOC_OP_DISTRICT_MOUNTAIN_SCIENCE'),
							 ('OP_ZEUS_DESERT_MOUNTAIN_CAMPUS_ADJACENCY', 'TerrainType', 'TERRAIN_DESERT_MOUNTAIN'),
							 ('OP_ZEUS_DESERT_MOUNTAIN_CAMPUS_ADJACENCY', 'YieldType', 'YIELD_SCIENCE'),
                             ('OP_ZEUS_DESERT_MOUNTAIN_CAMPUS_ADJACENCY', 'Amount', 1) ;
INSERT OR IGNORE INTO BeliefModifiers (BeliefType, ModifierID) VALUES 
                            ('OP_ZEUS', 'OP_ZEUS_TUNDRA_MOUNTAIN_CAMPUS_ADJACENCY') ;
INSERT OR IGNORE INTO Modifiers(ModifierId, ModifierType, SubjectRequirementSetId) VALUES 
                     ('OP_ZEUS_TUNDRA_MOUNTAIN_CAMPUS_ADJACENCY', 'MODIFIER_ALL_CITIES_TERRAIN_ADJACENCY', 'CITY_FOLLOWS_PANTHEON_REQUIREMENTS') ;
INSERT OR IGNORE INTO ModifierArguments(ModifierId, Name, Value) VALUES
							 ('OP_ZEUS_TUNDRA_MOUNTAIN_CAMPUS_ADJACENCY', 'DistrictType', 'DISTRICT_CAMPUS'),
							 ('OP_ZEUS_TUNDRA_MOUNTAIN_CAMPUS_ADJACENCY', 'Description', 'LOC_OP_DISTRICT_MOUNTAIN_SCIENCE'),
							 ('OP_ZEUS_TUNDRA_MOUNTAIN_CAMPUS_ADJACENCY', 'TerrainType', 'TERRAIN_TUNDRA_MOUNTAIN'),
							 ('OP_ZEUS_TUNDRA_MOUNTAIN_CAMPUS_ADJACENCY', 'YieldType', 'YIELD_SCIENCE'),
                             ('OP_ZEUS_TUNDRA_MOUNTAIN_CAMPUS_ADJACENCY', 'Amount', 1) ;
INSERT OR IGNORE INTO BeliefModifiers (BeliefType, ModifierID) VALUES 
                            ('OP_ZEUS', 'OP_ZEUS_SNOW_MOUNTAIN_CAMPUS_ADJACENCY') ;
INSERT OR IGNORE INTO Modifiers(ModifierId, ModifierType, SubjectRequirementSetId) VALUES 
                     ('OP_ZEUS_SNOW_MOUNTAIN_CAMPUS_ADJACENCY', 'MODIFIER_ALL_CITIES_TERRAIN_ADJACENCY', 'CITY_FOLLOWS_PANTHEON_REQUIREMENTS') ;
INSERT OR IGNORE INTO ModifierArguments(ModifierId, Name, Value) VALUES
							 ('OP_ZEUS_SNOW_MOUNTAIN_CAMPUS_ADJACENCY', 'DistrictType', 'DISTRICT_CAMPUS'),
							 ('OP_ZEUS_SNOW_MOUNTAIN_CAMPUS_ADJACENCY', 'Description', 'LOC_OP_DISTRICT_MOUNTAIN_SCIENCE'),
							 ('OP_ZEUS_SNOW_MOUNTAIN_CAMPUS_ADJACENCY', 'TerrainType', 'TERRAIN_SNOW_MOUNTAIN'),
							 ('OP_ZEUS_SNOW_MOUNTAIN_CAMPUS_ADJACENCY', 'YieldType', 'YIELD_SCIENCE'),
                             ('OP_ZEUS_SNOW_MOUNTAIN_CAMPUS_ADJACENCY', 'Amount', 1) ;
							 
--   COMMERCIAL_HUB adjacency +1 per mountain
INSERT OR IGNORE INTO BeliefModifiers (BeliefType, ModifierID) VALUES 
                            ('OP_ZEUS', 'OP_ZEUS_GRASS_MOUNTAIN_COMMERCIAL_HUB_ADJACENCY') ;
INSERT OR IGNORE INTO Modifiers(ModifierId, ModifierType, SubjectRequirementSetId) VALUES 
                     ('OP_ZEUS_GRASS_MOUNTAIN_COMMERCIAL_HUB_ADJACENCY', 'MODIFIER_ALL_CITIES_TERRAIN_ADJACENCY', 'CITY_FOLLOWS_PANTHEON_REQUIREMENTS') ;
INSERT OR IGNORE INTO ModifierArguments(ModifierId, Name, Value) VALUES
							 ('OP_ZEUS_GRASS_MOUNTAIN_COMMERCIAL_HUB_ADJACENCY', 'DistrictType', 'DISTRICT_COMMERCIAL_HUB'),
							 ('OP_ZEUS_GRASS_MOUNTAIN_COMMERCIAL_HUB_ADJACENCY', 'Description', 'LOC_OP_DISTRICT_MOUNTAIN_GOLD'),
							 ('OP_ZEUS_GRASS_MOUNTAIN_COMMERCIAL_HUB_ADJACENCY', 'TerrainType', 'TERRAIN_GRASS_MOUNTAIN'),
							 ('OP_ZEUS_GRASS_MOUNTAIN_COMMERCIAL_HUB_ADJACENCY', 'YieldType', 'YIELD_GOLD'),
                             ('OP_ZEUS_GRASS_MOUNTAIN_COMMERCIAL_HUB_ADJACENCY', 'Amount', 1) ;
INSERT OR IGNORE INTO BeliefModifiers (BeliefType, ModifierID) VALUES 
                            ('OP_ZEUS', 'OP_ZEUS_PLAINS_MOUNTAIN_COMMERCIAL_HUB_ADJACENCY') ;
INSERT OR IGNORE INTO Modifiers(ModifierId, ModifierType, SubjectRequirementSetId) VALUES 
                     ('OP_ZEUS_PLAINS_MOUNTAIN_COMMERCIAL_HUB_ADJACENCY', 'MODIFIER_ALL_CITIES_TERRAIN_ADJACENCY', 'CITY_FOLLOWS_PANTHEON_REQUIREMENTS') ;
INSERT OR IGNORE INTO ModifierArguments(ModifierId, Name, Value) VALUES
							 ('OP_ZEUS_PLAINS_MOUNTAIN_COMMERCIAL_HUB_ADJACENCY', 'DistrictType', 'DISTRICT_COMMERCIAL_HUB'),
							 ('OP_ZEUS_PLAINS_MOUNTAIN_COMMERCIAL_HUB_ADJACENCY', 'Description', 'LOC_OP_DISTRICT_MOUNTAIN_GOLD'),
							 ('OP_ZEUS_PLAINS_MOUNTAIN_COMMERCIAL_HUB_ADJACENCY', 'TerrainType', 'TERRAIN_PLAINS_MOUNTAIN'),
							 ('OP_ZEUS_PLAINS_MOUNTAIN_COMMERCIAL_HUB_ADJACENCY', 'YieldType', 'YIELD_GOLD'),
                             ('OP_ZEUS_PLAINS_MOUNTAIN_COMMERCIAL_HUB_ADJACENCY', 'Amount', 1) ;
INSERT OR IGNORE INTO BeliefModifiers (BeliefType, ModifierID) VALUES 
                            ('OP_ZEUS', 'OP_ZEUS_DESERT_MOUNTAIN_COMMERCIAL_HUB_ADJACENCY') ;
INSERT OR IGNORE INTO Modifiers(ModifierId, ModifierType, SubjectRequirementSetId) VALUES 
                     ('OP_ZEUS_DESERT_MOUNTAIN_COMMERCIAL_HUB_ADJACENCY', 'MODIFIER_ALL_CITIES_TERRAIN_ADJACENCY', 'CITY_FOLLOWS_PANTHEON_REQUIREMENTS') ;
INSERT OR IGNORE INTO ModifierArguments(ModifierId, Name, Value) VALUES
							 ('OP_ZEUS_DESERT_MOUNTAIN_COMMERCIAL_HUB_ADJACENCY', 'DistrictType', 'DISTRICT_COMMERCIAL_HUB'),
							 ('OP_ZEUS_DESERT_MOUNTAIN_COMMERCIAL_HUB_ADJACENCY', 'Description', 'LOC_OP_DISTRICT_MOUNTAIN_GOLD'),
							 ('OP_ZEUS_DESERT_MOUNTAIN_COMMERCIAL_HUB_ADJACENCY', 'TerrainType', 'TERRAIN_DESERT_MOUNTAIN'),
							 ('OP_ZEUS_DESERT_MOUNTAIN_COMMERCIAL_HUB_ADJACENCY', 'YieldType', 'YIELD_GOLD'),
                             ('OP_ZEUS_DESERT_MOUNTAIN_COMMERCIAL_HUB_ADJACENCY', 'Amount', 1) ;
INSERT OR IGNORE INTO BeliefModifiers (BeliefType, ModifierID) VALUES 
                            ('OP_ZEUS', 'OP_ZEUS_TUNDRA_MOUNTAIN_COMMERCIAL_HUB_ADJACENCY') ;
INSERT OR IGNORE INTO Modifiers(ModifierId, ModifierType, SubjectRequirementSetId) VALUES 
                     ('OP_ZEUS_TUNDRA_MOUNTAIN_COMMERCIAL_HUB_ADJACENCY', 'MODIFIER_ALL_CITIES_TERRAIN_ADJACENCY', 'CITY_FOLLOWS_PANTHEON_REQUIREMENTS') ;
INSERT OR IGNORE INTO ModifierArguments(ModifierId, Name, Value) VALUES
							 ('OP_ZEUS_TUNDRA_MOUNTAIN_COMMERCIAL_HUB_ADJACENCY', 'DistrictType', 'DISTRICT_COMMERCIAL_HUB'),
							 ('OP_ZEUS_TUNDRA_MOUNTAIN_COMMERCIAL_HUB_ADJACENCY', 'Description', 'LOC_OP_DISTRICT_MOUNTAIN_GOLD'),
							 ('OP_ZEUS_TUNDRA_MOUNTAIN_COMMERCIAL_HUB_ADJACENCY', 'TerrainType', 'TERRAIN_TUNDRA_MOUNTAIN'),
							 ('OP_ZEUS_TUNDRA_MOUNTAIN_COMMERCIAL_HUB_ADJACENCY', 'YieldType', 'YIELD_GOLD'),
                             ('OP_ZEUS_TUNDRA_MOUNTAIN_COMMERCIAL_HUB_ADJACENCY', 'Amount', 1) ;
INSERT OR IGNORE INTO BeliefModifiers (BeliefType, ModifierID) VALUES 
                            ('OP_ZEUS', 'OP_ZEUS_SNOW_MOUNTAIN_COMMERCIAL_HUB_ADJACENCY') ;
INSERT OR IGNORE INTO Modifiers(ModifierId, ModifierType, SubjectRequirementSetId) VALUES 
                     ('OP_ZEUS_SNOW_MOUNTAIN_COMMERCIAL_HUB_ADJACENCY', 'MODIFIER_ALL_CITIES_TERRAIN_ADJACENCY', 'CITY_FOLLOWS_PANTHEON_REQUIREMENTS') ;
INSERT OR IGNORE INTO ModifierArguments(ModifierId, Name, Value) VALUES
							 ('OP_ZEUS_SNOW_MOUNTAIN_COMMERCIAL_HUB_ADJACENCY', 'DistrictType', 'DISTRICT_COMMERCIAL_HUB'),
							 ('OP_ZEUS_SNOW_MOUNTAIN_COMMERCIAL_HUB_ADJACENCY', 'Description', 'LOC_OP_DISTRICT_MOUNTAIN_GOLD'),
							 ('OP_ZEUS_SNOW_MOUNTAIN_COMMERCIAL_HUB_ADJACENCY', 'TerrainType', 'TERRAIN_SNOW_MOUNTAIN'),
							 ('OP_ZEUS_SNOW_MOUNTAIN_COMMERCIAL_HUB_ADJACENCY', 'YieldType', 'YIELD_GOLD'),
                             ('OP_ZEUS_SNOW_MOUNTAIN_COMMERCIAL_HUB_ADJACENCY', 'Amount', 1) ;
							 
--   ENCAMPMENT adjacency +1 per mountain
INSERT OR IGNORE INTO BeliefModifiers (BeliefType, ModifierID) VALUES 
                            ('OP_ZEUS', 'OP_ZEUS_GRASS_MOUNTAIN_ENCAMPMENT_ADJACENCY') ;
INSERT OR IGNORE INTO Modifiers(ModifierId, ModifierType, SubjectRequirementSetId) VALUES 
                     ('OP_ZEUS_GRASS_MOUNTAIN_ENCAMPMENT_ADJACENCY', 'MODIFIER_ALL_CITIES_TERRAIN_ADJACENCY', 'CITY_FOLLOWS_PANTHEON_REQUIREMENTS') ;
INSERT OR IGNORE INTO ModifierArguments(ModifierId, Name, Value) VALUES
							 ('OP_ZEUS_GRASS_MOUNTAIN_ENCAMPMENT_ADJACENCY', 'DistrictType', 'DISTRICT_ENCAMPMENT'),
							 ('OP_ZEUS_GRASS_MOUNTAIN_ENCAMPMENT_ADJACENCY', 'Description', 'LOC_OP_DISTRICT_MOUNTAIN_PRODUCTION'),
							 ('OP_ZEUS_GRASS_MOUNTAIN_ENCAMPMENT_ADJACENCY', 'TerrainType', 'TERRAIN_GRASS_MOUNTAIN'),
							 ('OP_ZEUS_GRASS_MOUNTAIN_ENCAMPMENT_ADJACENCY', 'YieldType', 'YIELD_PRODUCTION'),
                             ('OP_ZEUS_GRASS_MOUNTAIN_ENCAMPMENT_ADJACENCY', 'Amount', 1) ;
INSERT OR IGNORE INTO BeliefModifiers (BeliefType, ModifierID) VALUES 
                            ('OP_ZEUS', 'OP_ZEUS_PLAINS_MOUNTAIN_ENCAMPMENT_ADJACENCY') ;
INSERT OR IGNORE INTO Modifiers(ModifierId, ModifierType, SubjectRequirementSetId) VALUES 
                     ('OP_ZEUS_PLAINS_MOUNTAIN_ENCAMPMENT_ADJACENCY', 'MODIFIER_ALL_CITIES_TERRAIN_ADJACENCY', 'CITY_FOLLOWS_PANTHEON_REQUIREMENTS') ;
INSERT OR IGNORE INTO ModifierArguments(ModifierId, Name, Value) VALUES
							 ('OP_ZEUS_PLAINS_MOUNTAIN_ENCAMPMENT_ADJACENCY', 'DistrictType', 'DISTRICT_ENCAMPMENT'),
							 ('OP_ZEUS_PLAINS_MOUNTAIN_ENCAMPMENT_ADJACENCY', 'Description', 'LOC_OP_DISTRICT_MOUNTAIN_PRODUCTION'),
							 ('OP_ZEUS_PLAINS_MOUNTAIN_ENCAMPMENT_ADJACENCY', 'TerrainType', 'TERRAIN_PLAINS_MOUNTAIN'),
							 ('OP_ZEUS_PLAINS_MOUNTAIN_ENCAMPMENT_ADJACENCY', 'YieldType', 'YIELD_PRODUCTION'),
                             ('OP_ZEUS_PLAINS_MOUNTAIN_ENCAMPMENT_ADJACENCY', 'Amount', 1) ;
INSERT OR IGNORE INTO BeliefModifiers (BeliefType, ModifierID) VALUES 
                            ('OP_ZEUS', 'OP_ZEUS_DESERT_MOUNTAIN_ENCAMPMENT_ADJACENCY') ;
INSERT OR IGNORE INTO Modifiers(ModifierId, ModifierType, SubjectRequirementSetId) VALUES 
                     ('OP_ZEUS_DESERT_MOUNTAIN_ENCAMPMENT_ADJACENCY', 'MODIFIER_ALL_CITIES_TERRAIN_ADJACENCY', 'CITY_FOLLOWS_PANTHEON_REQUIREMENTS') ;
INSERT OR IGNORE INTO ModifierArguments(ModifierId, Name, Value) VALUES
							 ('OP_ZEUS_DESERT_MOUNTAIN_ENCAMPMENT_ADJACENCY', 'DistrictType', 'DISTRICT_ENCAMPMENT'),
							 ('OP_ZEUS_DESERT_MOUNTAIN_ENCAMPMENT_ADJACENCY', 'Description', 'LOC_OP_DISTRICT_MOUNTAIN_PRODUCTION'),
							 ('OP_ZEUS_DESERT_MOUNTAIN_ENCAMPMENT_ADJACENCY', 'TerrainType', 'TERRAIN_DESERT_MOUNTAIN'),
							 ('OP_ZEUS_DESERT_MOUNTAIN_ENCAMPMENT_ADJACENCY', 'YieldType', 'YIELD_PRODUCTION'),
                             ('OP_ZEUS_DESERT_MOUNTAIN_ENCAMPMENT_ADJACENCY', 'Amount', 1) ;
INSERT OR IGNORE INTO BeliefModifiers (BeliefType, ModifierID) VALUES 
                            ('OP_ZEUS', 'OP_ZEUS_TUNDRA_MOUNTAIN_ENCAMPMENT_ADJACENCY') ;
INSERT OR IGNORE INTO Modifiers(ModifierId, ModifierType, SubjectRequirementSetId) VALUES 
                     ('OP_ZEUS_TUNDRA_MOUNTAIN_ENCAMPMENT_ADJACENCY', 'MODIFIER_ALL_CITIES_TERRAIN_ADJACENCY', 'CITY_FOLLOWS_PANTHEON_REQUIREMENTS') ;
INSERT OR IGNORE INTO ModifierArguments(ModifierId, Name, Value) VALUES
							 ('OP_ZEUS_TUNDRA_MOUNTAIN_ENCAMPMENT_ADJACENCY', 'DistrictType', 'DISTRICT_ENCAMPMENT'),
							 ('OP_ZEUS_TUNDRA_MOUNTAIN_ENCAMPMENT_ADJACENCY', 'Description', 'LOC_OP_DISTRICT_MOUNTAIN_PRODUCTION'),
							 ('OP_ZEUS_TUNDRA_MOUNTAIN_ENCAMPMENT_ADJACENCY', 'TerrainType', 'TERRAIN_TUNDRA_MOUNTAIN'),
							 ('OP_ZEUS_TUNDRA_MOUNTAIN_ENCAMPMENT_ADJACENCY', 'YieldType', 'YIELD_PRODUCTION'),
                             ('OP_ZEUS_TUNDRA_MOUNTAIN_ENCAMPMENT_ADJACENCY', 'Amount', 1) ;
INSERT OR IGNORE INTO BeliefModifiers (BeliefType, ModifierID) VALUES 
                            ('OP_ZEUS', 'OP_ZEUS_SNOW_MOUNTAIN_ENCAMPMENT_ADJACENCY') ;
INSERT OR IGNORE INTO Modifiers(ModifierId, ModifierType, SubjectRequirementSetId) VALUES 
                     ('OP_ZEUS_SNOW_MOUNTAIN_ENCAMPMENT_ADJACENCY', 'MODIFIER_ALL_CITIES_TERRAIN_ADJACENCY', 'CITY_FOLLOWS_PANTHEON_REQUIREMENTS') ;
INSERT OR IGNORE INTO ModifierArguments(ModifierId, Name, Value) VALUES
							 ('OP_ZEUS_SNOW_MOUNTAIN_ENCAMPMENT_ADJACENCY', 'DistrictType', 'DISTRICT_ENCAMPMENT'),
							 ('OP_ZEUS_SNOW_MOUNTAIN_ENCAMPMENT_ADJACENCY', 'Description', 'LOC_OP_DISTRICT_MOUNTAIN_PRODUCTION'),
							 ('OP_ZEUS_SNOW_MOUNTAIN_ENCAMPMENT_ADJACENCY', 'TerrainType', 'TERRAIN_SNOW_MOUNTAIN'),
							 ('OP_ZEUS_SNOW_MOUNTAIN_ENCAMPMENT_ADJACENCY', 'YieldType', 'YIELD_PRODUCTION'),
                             ('OP_ZEUS_SNOW_MOUNTAIN_ENCAMPMENT_ADJACENCY', 'Amount', 1) ;

--   ENTERTAINMENT_COMPLEX adjacency +1 per mountain
INSERT OR IGNORE INTO BeliefModifiers (BeliefType, ModifierID) VALUES 
                            ('OP_ZEUS', 'OP_ZEUS_GRASS_MOUNTAIN_ENTERTAINMENT_COMPLEX_ADJACENCY') ;
INSERT OR IGNORE INTO Modifiers(ModifierId, ModifierType, SubjectRequirementSetId) VALUES 
                     ('OP_ZEUS_GRASS_MOUNTAIN_ENTERTAINMENT_COMPLEX_ADJACENCY', 'MODIFIER_ALL_CITIES_TERRAIN_ADJACENCY', 'CITY_FOLLOWS_PANTHEON_REQUIREMENTS') ;
INSERT OR IGNORE INTO ModifierArguments(ModifierId, Name, Value) VALUES
							 ('OP_ZEUS_GRASS_MOUNTAIN_ENTERTAINMENT_COMPLEX_ADJACENCY', 'DistrictType', 'DISTRICT_ENTERTAINMENT_COMPLEX'),
							 ('OP_ZEUS_GRASS_MOUNTAIN_ENTERTAINMENT_COMPLEX_ADJACENCY', 'Description', 'LOC_OP_DISTRICT_MOUNTAIN_CULTURE'),
							 ('OP_ZEUS_GRASS_MOUNTAIN_ENTERTAINMENT_COMPLEX_ADJACENCY', 'TerrainType', 'TERRAIN_GRASS_MOUNTAIN'),
							 ('OP_ZEUS_GRASS_MOUNTAIN_ENTERTAINMENT_COMPLEX_ADJACENCY', 'YieldType', 'YIELD_CULTURE'),
                             ('OP_ZEUS_GRASS_MOUNTAIN_ENTERTAINMENT_COMPLEX_ADJACENCY', 'Amount', 1) ;
INSERT OR IGNORE INTO BeliefModifiers (BeliefType, ModifierID) VALUES 
                            ('OP_ZEUS', 'OP_ZEUS_PLAINS_MOUNTAIN_ENTERTAINMENT_COMPLEX_ADJACENCY') ;
INSERT OR IGNORE INTO Modifiers(ModifierId, ModifierType, SubjectRequirementSetId) VALUES 
                     ('OP_ZEUS_PLAINS_MOUNTAIN_ENTERTAINMENT_COMPLEX_ADJACENCY', 'MODIFIER_ALL_CITIES_TERRAIN_ADJACENCY', 'CITY_FOLLOWS_PANTHEON_REQUIREMENTS') ;
INSERT OR IGNORE INTO ModifierArguments(ModifierId, Name, Value) VALUES
							 ('OP_ZEUS_PLAINS_MOUNTAIN_ENTERTAINMENT_COMPLEX_ADJACENCY', 'DistrictType', 'DISTRICT_ENTERTAINMENT_COMPLEX'),
							 ('OP_ZEUS_PLAINS_MOUNTAIN_ENTERTAINMENT_COMPLEX_ADJACENCY', 'Description', 'LOC_OP_DISTRICT_MOUNTAIN_CULTURE'),
							 ('OP_ZEUS_PLAINS_MOUNTAIN_ENTERTAINMENT_COMPLEX_ADJACENCY', 'TerrainType', 'TERRAIN_PLAINS_MOUNTAIN'),
							 ('OP_ZEUS_PLAINS_MOUNTAIN_ENTERTAINMENT_COMPLEX_ADJACENCY', 'YieldType', 'YIELD_CULTURE'),
                             ('OP_ZEUS_PLAINS_MOUNTAIN_ENTERTAINMENT_COMPLEX_ADJACENCY', 'Amount', 1) ;
INSERT OR IGNORE INTO BeliefModifiers (BeliefType, ModifierID) VALUES 
                            ('OP_ZEUS', 'OP_ZEUS_DESERT_MOUNTAIN_ENTERTAINMENT_COMPLEX_ADJACENCY') ;
INSERT OR IGNORE INTO Modifiers(ModifierId, ModifierType, SubjectRequirementSetId) VALUES 
                     ('OP_ZEUS_DESERT_MOUNTAIN_ENTERTAINMENT_COMPLEX_ADJACENCY', 'MODIFIER_ALL_CITIES_TERRAIN_ADJACENCY', 'CITY_FOLLOWS_PANTHEON_REQUIREMENTS') ;
INSERT OR IGNORE INTO ModifierArguments(ModifierId, Name, Value) VALUES
							 ('OP_ZEUS_DESERT_MOUNTAIN_ENTERTAINMENT_COMPLEX_ADJACENCY', 'DistrictType', 'DISTRICT_ENTERTAINMENT_COMPLEX'),
							 ('OP_ZEUS_DESERT_MOUNTAIN_ENTERTAINMENT_COMPLEX_ADJACENCY', 'Description', 'LOC_OP_DISTRICT_MOUNTAIN_CULTURE'),
							 ('OP_ZEUS_DESERT_MOUNTAIN_ENTERTAINMENT_COMPLEX_ADJACENCY', 'TerrainType', 'TERRAIN_DESERT_MOUNTAIN'),
							 ('OP_ZEUS_DESERT_MOUNTAIN_ENTERTAINMENT_COMPLEX_ADJACENCY', 'YieldType', 'YIELD_CULTURE'),
                             ('OP_ZEUS_DESERT_MOUNTAIN_ENTERTAINMENT_COMPLEX_ADJACENCY', 'Amount', 1) ;
INSERT OR IGNORE INTO BeliefModifiers (BeliefType, ModifierID) VALUES 
                            ('OP_ZEUS', 'OP_ZEUS_TUNDRA_MOUNTAIN_ENTERTAINMENT_COMPLEX_ADJACENCY') ;
INSERT OR IGNORE INTO Modifiers(ModifierId, ModifierType, SubjectRequirementSetId) VALUES 
                     ('OP_ZEUS_TUNDRA_MOUNTAIN_ENTERTAINMENT_COMPLEX_ADJACENCY', 'MODIFIER_ALL_CITIES_TERRAIN_ADJACENCY', 'CITY_FOLLOWS_PANTHEON_REQUIREMENTS') ;
INSERT OR IGNORE INTO ModifierArguments(ModifierId, Name, Value) VALUES
							 ('OP_ZEUS_TUNDRA_MOUNTAIN_ENTERTAINMENT_COMPLEX_ADJACENCY', 'DistrictType', 'DISTRICT_ENTERTAINMENT_COMPLEX'),
							 ('OP_ZEUS_TUNDRA_MOUNTAIN_ENTERTAINMENT_COMPLEX_ADJACENCY', 'Description', 'LOC_OP_DISTRICT_MOUNTAIN_CULTURE'),
							 ('OP_ZEUS_TUNDRA_MOUNTAIN_ENTERTAINMENT_COMPLEX_ADJACENCY', 'TerrainType', 'TERRAIN_TUNDRA_MOUNTAIN'),
							 ('OP_ZEUS_TUNDRA_MOUNTAIN_ENTERTAINMENT_COMPLEX_ADJACENCY', 'YieldType', 'YIELD_CULTURE'),
                             ('OP_ZEUS_TUNDRA_MOUNTAIN_ENTERTAINMENT_COMPLEX_ADJACENCY', 'Amount', 1) ;
INSERT OR IGNORE INTO BeliefModifiers (BeliefType, ModifierID) VALUES 
                            ('OP_ZEUS', 'OP_ZEUS_SNOW_MOUNTAIN_ENTERTAINMENT_COMPLEX_ADJACENCY') ;
INSERT OR IGNORE INTO Modifiers(ModifierId, ModifierType, SubjectRequirementSetId) VALUES 
                     ('OP_ZEUS_SNOW_MOUNTAIN_ENTERTAINMENT_COMPLEX_ADJACENCY', 'MODIFIER_ALL_CITIES_TERRAIN_ADJACENCY', 'CITY_FOLLOWS_PANTHEON_REQUIREMENTS') ;
INSERT OR IGNORE INTO ModifierArguments(ModifierId, Name, Value) VALUES
							 ('OP_ZEUS_SNOW_MOUNTAIN_ENTERTAINMENT_COMPLEX_ADJACENCY', 'DistrictType', 'DISTRICT_ENTERTAINMENT_COMPLEX'),
							 ('OP_ZEUS_SNOW_MOUNTAIN_ENTERTAINMENT_COMPLEX_ADJACENCY', 'Description', 'LOC_OP_DISTRICT_MOUNTAIN_CULTURE'),
							 ('OP_ZEUS_SNOW_MOUNTAIN_ENTERTAINMENT_COMPLEX_ADJACENCY', 'TerrainType', 'TERRAIN_SNOW_MOUNTAIN'),
							 ('OP_ZEUS_SNOW_MOUNTAIN_ENTERTAINMENT_COMPLEX_ADJACENCY', 'YieldType', 'YIELD_CULTURE'),
                             ('OP_ZEUS_SNOW_MOUNTAIN_ENTERTAINMENT_COMPLEX_ADJACENCY', 'Amount', 1) ;
							 							 
--   HARBOR adjacency +1 per mountain
INSERT OR IGNORE INTO BeliefModifiers (BeliefType, ModifierID) VALUES 
                            ('OP_ZEUS', 'OP_ZEUS_GRASS_MOUNTAIN_HARBOR_ADJACENCY') ;
INSERT OR IGNORE INTO Modifiers(ModifierId, ModifierType, SubjectRequirementSetId) VALUES 
                     ('OP_ZEUS_GRASS_MOUNTAIN_HARBOR_ADJACENCY', 'MODIFIER_ALL_CITIES_TERRAIN_ADJACENCY', 'CITY_FOLLOWS_PANTHEON_REQUIREMENTS') ;
INSERT OR IGNORE INTO ModifierArguments(ModifierId, Name, Value) VALUES
							 ('OP_ZEUS_GRASS_MOUNTAIN_HARBOR_ADJACENCY', 'DistrictType', 'DISTRICT_HARBOR'),
							 ('OP_ZEUS_GRASS_MOUNTAIN_HARBOR_ADJACENCY', 'Description', 'LOC_OP_DISTRICT_MOUNTAIN_GOLD'),
							 ('OP_ZEUS_GRASS_MOUNTAIN_HARBOR_ADJACENCY', 'TerrainType', 'TERRAIN_GRASS_MOUNTAIN'),
							 ('OP_ZEUS_GRASS_MOUNTAIN_HARBOR_ADJACENCY', 'YieldType', 'YIELD_GOLD'),
                             ('OP_ZEUS_GRASS_MOUNTAIN_HARBOR_ADJACENCY', 'Amount', 1) ;
INSERT OR IGNORE INTO BeliefModifiers (BeliefType, ModifierID) VALUES 
                            ('OP_ZEUS', 'OP_ZEUS_PLAINS_MOUNTAIN_HARBOR_ADJACENCY') ;
INSERT OR IGNORE INTO Modifiers(ModifierId, ModifierType, SubjectRequirementSetId) VALUES 
                     ('OP_ZEUS_PLAINS_MOUNTAIN_HARBOR_ADJACENCY', 'MODIFIER_ALL_CITIES_TERRAIN_ADJACENCY', 'CITY_FOLLOWS_PANTHEON_REQUIREMENTS') ;
INSERT OR IGNORE INTO ModifierArguments(ModifierId, Name, Value) VALUES
							 ('OP_ZEUS_PLAINS_MOUNTAIN_HARBOR_ADJACENCY', 'DistrictType', 'DISTRICT_HARBOR'),
							 ('OP_ZEUS_PLAINS_MOUNTAIN_HARBOR_ADJACENCY', 'Description', 'LOC_OP_DISTRICT_MOUNTAIN_GOLD'),
							 ('OP_ZEUS_PLAINS_MOUNTAIN_HARBOR_ADJACENCY', 'TerrainType', 'TERRAIN_PLAINS_MOUNTAIN'),
							 ('OP_ZEUS_PLAINS_MOUNTAIN_HARBOR_ADJACENCY', 'YieldType', 'YIELD_GOLD'),
                             ('OP_ZEUS_PLAINS_MOUNTAIN_HARBOR_ADJACENCY', 'Amount', 1) ;
INSERT OR IGNORE INTO BeliefModifiers (BeliefType, ModifierID) VALUES 
                            ('OP_ZEUS', 'OP_ZEUS_DESERT_MOUNTAIN_HARBOR_ADJACENCY') ;
INSERT OR IGNORE INTO Modifiers(ModifierId, ModifierType, SubjectRequirementSetId) VALUES 
                     ('OP_ZEUS_DESERT_MOUNTAIN_HARBOR_ADJACENCY', 'MODIFIER_ALL_CITIES_TERRAIN_ADJACENCY', 'CITY_FOLLOWS_PANTHEON_REQUIREMENTS') ;
INSERT OR IGNORE INTO ModifierArguments(ModifierId, Name, Value) VALUES
							 ('OP_ZEUS_DESERT_MOUNTAIN_HARBOR_ADJACENCY', 'DistrictType', 'DISTRICT_HARBOR'),
							 ('OP_ZEUS_DESERT_MOUNTAIN_HARBOR_ADJACENCY', 'Description', 'LOC_OP_DISTRICT_MOUNTAIN_GOLD'),
							 ('OP_ZEUS_DESERT_MOUNTAIN_HARBOR_ADJACENCY', 'TerrainType', 'TERRAIN_DESERT_MOUNTAIN'),
							 ('OP_ZEUS_DESERT_MOUNTAIN_HARBOR_ADJACENCY', 'YieldType', 'YIELD_GOLD'),
                             ('OP_ZEUS_DESERT_MOUNTAIN_HARBOR_ADJACENCY', 'Amount', 1) ;
INSERT OR IGNORE INTO BeliefModifiers (BeliefType, ModifierID) VALUES 
                            ('OP_ZEUS', 'OP_ZEUS_TUNDRA_MOUNTAIN_HARBOR_ADJACENCY') ;
INSERT OR IGNORE INTO Modifiers(ModifierId, ModifierType, SubjectRequirementSetId) VALUES 
                     ('OP_ZEUS_TUNDRA_MOUNTAIN_HARBOR_ADJACENCY', 'MODIFIER_ALL_CITIES_TERRAIN_ADJACENCY', 'CITY_FOLLOWS_PANTHEON_REQUIREMENTS') ;
INSERT OR IGNORE INTO ModifierArguments(ModifierId, Name, Value) VALUES
							 ('OP_ZEUS_TUNDRA_MOUNTAIN_HARBOR_ADJACENCY', 'DistrictType', 'DISTRICT_HARBOR'),
							 ('OP_ZEUS_TUNDRA_MOUNTAIN_HARBOR_ADJACENCY', 'Description', 'LOC_OP_DISTRICT_MOUNTAIN_GOLD'),
							 ('OP_ZEUS_TUNDRA_MOUNTAIN_HARBOR_ADJACENCY', 'TerrainType', 'TERRAIN_TUNDRA_MOUNTAIN'),
							 ('OP_ZEUS_TUNDRA_MOUNTAIN_HARBOR_ADJACENCY', 'YieldType', 'YIELD_GOLD'),
                             ('OP_ZEUS_TUNDRA_MOUNTAIN_HARBOR_ADJACENCY', 'Amount', 1) ;
INSERT OR IGNORE INTO BeliefModifiers (BeliefType, ModifierID) VALUES 
                            ('OP_ZEUS', 'OP_ZEUS_SNOW_MOUNTAIN_HARBOR_ADJACENCY') ;
INSERT OR IGNORE INTO Modifiers(ModifierId, ModifierType, SubjectRequirementSetId) VALUES 
                     ('OP_ZEUS_SNOW_MOUNTAIN_HARBOR_ADJACENCY', 'MODIFIER_ALL_CITIES_TERRAIN_ADJACENCY', 'CITY_FOLLOWS_PANTHEON_REQUIREMENTS') ;
INSERT OR IGNORE INTO ModifierArguments(ModifierId, Name, Value) VALUES
							 ('OP_ZEUS_SNOW_MOUNTAIN_HARBOR_ADJACENCY', 'DistrictType', 'DISTRICT_HARBOR'),
							 ('OP_ZEUS_SNOW_MOUNTAIN_HARBOR_ADJACENCY', 'Description', 'LOC_OP_DISTRICT_MOUNTAIN_GOLD'),
							 ('OP_ZEUS_SNOW_MOUNTAIN_HARBOR_ADJACENCY', 'TerrainType', 'TERRAIN_SNOW_MOUNTAIN'),
							 ('OP_ZEUS_SNOW_MOUNTAIN_HARBOR_ADJACENCY', 'YieldType', 'YIELD_GOLD'),
                             ('OP_ZEUS_SNOW_MOUNTAIN_HARBOR_ADJACENCY', 'Amount', 1) ;
							 
--   HOLY_SITE adjacency +1 per mountain
INSERT OR IGNORE INTO BeliefModifiers (BeliefType, ModifierID) VALUES 
                            ('OP_ZEUS', 'OP_ZEUS_GRASS_MOUNTAIN_HOLY_SITE_ADJACENCY') ;
INSERT OR IGNORE INTO Modifiers(ModifierId, ModifierType, SubjectRequirementSetId) VALUES 
                     ('OP_ZEUS_GRASS_MOUNTAIN_HOLY_SITE_ADJACENCY', 'MODIFIER_ALL_CITIES_TERRAIN_ADJACENCY', 'CITY_FOLLOWS_PANTHEON_REQUIREMENTS') ;
INSERT OR IGNORE INTO ModifierArguments(ModifierId, Name, Value) VALUES
							 ('OP_ZEUS_GRASS_MOUNTAIN_HOLY_SITE_ADJACENCY', 'DistrictType', 'DISTRICT_HOLY_SITE'),
							 ('OP_ZEUS_GRASS_MOUNTAIN_HOLY_SITE_ADJACENCY', 'Description', 'LOC_OP_DISTRICT_MOUNTAIN_FAITH'),
							 ('OP_ZEUS_GRASS_MOUNTAIN_HOLY_SITE_ADJACENCY', 'TerrainType', 'TERRAIN_GRASS_MOUNTAIN'),
							 ('OP_ZEUS_GRASS_MOUNTAIN_HOLY_SITE_ADJACENCY', 'YieldType', 'YIELD_FAITH'),
                             ('OP_ZEUS_GRASS_MOUNTAIN_HOLY_SITE_ADJACENCY', 'Amount', 1) ;
INSERT OR IGNORE INTO BeliefModifiers (BeliefType, ModifierID) VALUES 
                            ('OP_ZEUS', 'OP_ZEUS_PLAINS_MOUNTAIN_HOLY_SITE_ADJACENCY') ;
INSERT OR IGNORE INTO Modifiers(ModifierId, ModifierType, SubjectRequirementSetId) VALUES 
                     ('OP_ZEUS_PLAINS_MOUNTAIN_HOLY_SITE_ADJACENCY', 'MODIFIER_ALL_CITIES_TERRAIN_ADJACENCY', 'CITY_FOLLOWS_PANTHEON_REQUIREMENTS') ;
INSERT OR IGNORE INTO ModifierArguments(ModifierId, Name, Value) VALUES
							 ('OP_ZEUS_PLAINS_MOUNTAIN_HOLY_SITE_ADJACENCY', 'DistrictType', 'DISTRICT_HOLY_SITE'),
							 ('OP_ZEUS_PLAINS_MOUNTAIN_HOLY_SITE_ADJACENCY', 'Description', 'LOC_OP_DISTRICT_MOUNTAIN_FAITH'),
							 ('OP_ZEUS_PLAINS_MOUNTAIN_HOLY_SITE_ADJACENCY', 'TerrainType', 'TERRAIN_PLAINS_MOUNTAIN'),
							 ('OP_ZEUS_PLAINS_MOUNTAIN_HOLY_SITE_ADJACENCY', 'YieldType', 'YIELD_FAITH'),
                             ('OP_ZEUS_PLAINS_MOUNTAIN_HOLY_SITE_ADJACENCY', 'Amount', 1) ;
INSERT OR IGNORE INTO BeliefModifiers (BeliefType, ModifierID) VALUES 
                            ('OP_ZEUS', 'OP_ZEUS_DESERT_MOUNTAIN_HOLY_SITE_ADJACENCY') ;
INSERT OR IGNORE INTO Modifiers(ModifierId, ModifierType, SubjectRequirementSetId) VALUES 
                     ('OP_ZEUS_DESERT_MOUNTAIN_HOLY_SITE_ADJACENCY', 'MODIFIER_ALL_CITIES_TERRAIN_ADJACENCY', 'CITY_FOLLOWS_PANTHEON_REQUIREMENTS') ;
INSERT OR IGNORE INTO ModifierArguments(ModifierId, Name, Value) VALUES
							 ('OP_ZEUS_DESERT_MOUNTAIN_HOLY_SITE_ADJACENCY', 'DistrictType', 'DISTRICT_HOLY_SITE'),
							 ('OP_ZEUS_DESERT_MOUNTAIN_HOLY_SITE_ADJACENCY', 'Description', 'LOC_OP_DISTRICT_MOUNTAIN_FAITH'),
							 ('OP_ZEUS_DESERT_MOUNTAIN_HOLY_SITE_ADJACENCY', 'TerrainType', 'TERRAIN_DESERT_MOUNTAIN'),
							 ('OP_ZEUS_DESERT_MOUNTAIN_HOLY_SITE_ADJACENCY', 'YieldType', 'YIELD_FAITH'),
                             ('OP_ZEUS_DESERT_MOUNTAIN_HOLY_SITE_ADJACENCY', 'Amount', 1) ;
INSERT OR IGNORE INTO BeliefModifiers (BeliefType, ModifierID) VALUES 
                            ('OP_ZEUS', 'OP_ZEUS_TUNDRA_MOUNTAIN_HOLY_SITE_ADJACENCY') ;
INSERT OR IGNORE INTO Modifiers(ModifierId, ModifierType, SubjectRequirementSetId) VALUES 
                     ('OP_ZEUS_TUNDRA_MOUNTAIN_HOLY_SITE_ADJACENCY', 'MODIFIER_ALL_CITIES_TERRAIN_ADJACENCY', 'CITY_FOLLOWS_PANTHEON_REQUIREMENTS') ;
INSERT OR IGNORE INTO ModifierArguments(ModifierId, Name, Value) VALUES
							 ('OP_ZEUS_TUNDRA_MOUNTAIN_HOLY_SITE_ADJACENCY', 'DistrictType', 'DISTRICT_HOLY_SITE'),
							 ('OP_ZEUS_TUNDRA_MOUNTAIN_HOLY_SITE_ADJACENCY', 'Description', 'LOC_OP_DISTRICT_MOUNTAIN_FAITH'),
							 ('OP_ZEUS_TUNDRA_MOUNTAIN_HOLY_SITE_ADJACENCY', 'TerrainType', 'TERRAIN_TUNDRA_MOUNTAIN'),
							 ('OP_ZEUS_TUNDRA_MOUNTAIN_HOLY_SITE_ADJACENCY', 'YieldType', 'YIELD_FAITH'),
                             ('OP_ZEUS_TUNDRA_MOUNTAIN_HOLY_SITE_ADJACENCY', 'Amount', 1) ;
INSERT OR IGNORE INTO BeliefModifiers (BeliefType, ModifierID) VALUES 
                            ('OP_ZEUS', 'OP_ZEUS_SNOW_MOUNTAIN_HOLY_SITE_ADJACENCY') ;
INSERT OR IGNORE INTO Modifiers(ModifierId, ModifierType, SubjectRequirementSetId) VALUES 
                     ('OP_ZEUS_SNOW_MOUNTAIN_HOLY_SITE_ADJACENCY', 'MODIFIER_ALL_CITIES_TERRAIN_ADJACENCY', 'CITY_FOLLOWS_PANTHEON_REQUIREMENTS') ;
INSERT OR IGNORE INTO ModifierArguments(ModifierId, Name, Value) VALUES
							 ('OP_ZEUS_SNOW_MOUNTAIN_HOLY_SITE_ADJACENCY', 'DistrictType', 'DISTRICT_HOLY_SITE'),
							 ('OP_ZEUS_SNOW_MOUNTAIN_HOLY_SITE_ADJACENCY', 'Description', 'LOC_OP_DISTRICT_MOUNTAIN_FAITH'),
							 ('OP_ZEUS_SNOW_MOUNTAIN_HOLY_SITE_ADJACENCY', 'TerrainType', 'TERRAIN_SNOW_MOUNTAIN'),
							 ('OP_ZEUS_SNOW_MOUNTAIN_HOLY_SITE_ADJACENCY', 'YieldType', 'YIELD_FAITH'),
                             ('OP_ZEUS_SNOW_MOUNTAIN_HOLY_SITE_ADJACENCY', 'Amount', 1) ;

--   INDUSTRIAL_ZONE adjacency +1 per mountain
INSERT OR IGNORE INTO BeliefModifiers (BeliefType, ModifierID) VALUES 
                            ('OP_ZEUS', 'OP_ZEUS_GRASS_MOUNTAIN_INDUSTRIAL_ZONE_ADJACENCY') ;
INSERT OR IGNORE INTO Modifiers(ModifierId, ModifierType, SubjectRequirementSetId) VALUES 
                     ('OP_ZEUS_GRASS_MOUNTAIN_INDUSTRIAL_ZONE_ADJACENCY', 'MODIFIER_ALL_CITIES_TERRAIN_ADJACENCY', 'CITY_FOLLOWS_PANTHEON_REQUIREMENTS') ;
INSERT OR IGNORE INTO ModifierArguments(ModifierId, Name, Value) VALUES
							 ('OP_ZEUS_GRASS_MOUNTAIN_INDUSTRIAL_ZONE_ADJACENCY', 'DistrictType', 'DISTRICT_INDUSTRIAL_ZONE'),
							 ('OP_ZEUS_GRASS_MOUNTAIN_INDUSTRIAL_ZONE_ADJACENCY', 'Description', 'LOC_OP_DISTRICT_MOUNTAIN_PRODUCTION'),
							 ('OP_ZEUS_GRASS_MOUNTAIN_INDUSTRIAL_ZONE_ADJACENCY', 'TerrainType', 'TERRAIN_GRASS_MOUNTAIN'),
							 ('OP_ZEUS_GRASS_MOUNTAIN_INDUSTRIAL_ZONE_ADJACENCY', 'YieldType', 'YIELD_PRODUCTION'),
                             ('OP_ZEUS_GRASS_MOUNTAIN_INDUSTRIAL_ZONE_ADJACENCY', 'Amount', 1) ;
INSERT OR IGNORE INTO BeliefModifiers (BeliefType, ModifierID) VALUES 
                            ('OP_ZEUS', 'OP_ZEUS_PLAINS_MOUNTAIN_INDUSTRIAL_ZONE_ADJACENCY') ;
INSERT OR IGNORE INTO Modifiers(ModifierId, ModifierType, SubjectRequirementSetId) VALUES 
                     ('OP_ZEUS_PLAINS_MOUNTAIN_INDUSTRIAL_ZONE_ADJACENCY', 'MODIFIER_ALL_CITIES_TERRAIN_ADJACENCY', 'CITY_FOLLOWS_PANTHEON_REQUIREMENTS') ;
INSERT OR IGNORE INTO ModifierArguments(ModifierId, Name, Value) VALUES
							 ('OP_ZEUS_PLAINS_MOUNTAIN_INDUSTRIAL_ZONE_ADJACENCY', 'DistrictType', 'DISTRICT_INDUSTRIAL_ZONE'),
							 ('OP_ZEUS_PLAINS_MOUNTAIN_INDUSTRIAL_ZONE_ADJACENCY', 'Description', 'LOC_OP_DISTRICT_MOUNTAIN_PRODUCTION'),
							 ('OP_ZEUS_PLAINS_MOUNTAIN_INDUSTRIAL_ZONE_ADJACENCY', 'TerrainType', 'TERRAIN_PLAINS_MOUNTAIN'),
							 ('OP_ZEUS_PLAINS_MOUNTAIN_INDUSTRIAL_ZONE_ADJACENCY', 'YieldType', 'YIELD_PRODUCTION'),
                             ('OP_ZEUS_PLAINS_MOUNTAIN_INDUSTRIAL_ZONE_ADJACENCY', 'Amount', 1) ;
INSERT OR IGNORE INTO BeliefModifiers (BeliefType, ModifierID) VALUES 
                            ('OP_ZEUS', 'OP_ZEUS_DESERT_MOUNTAIN_INDUSTRIAL_ZONE_ADJACENCY') ;
INSERT OR IGNORE INTO Modifiers(ModifierId, ModifierType, SubjectRequirementSetId) VALUES 
                     ('OP_ZEUS_DESERT_MOUNTAIN_INDUSTRIAL_ZONE_ADJACENCY', 'MODIFIER_ALL_CITIES_TERRAIN_ADJACENCY', 'CITY_FOLLOWS_PANTHEON_REQUIREMENTS') ;
INSERT OR IGNORE INTO ModifierArguments(ModifierId, Name, Value) VALUES
							 ('OP_ZEUS_DESERT_MOUNTAIN_INDUSTRIAL_ZONE_ADJACENCY', 'DistrictType', 'DISTRICT_INDUSTRIAL_ZONE'),
							 ('OP_ZEUS_DESERT_MOUNTAIN_INDUSTRIAL_ZONE_ADJACENCY', 'Description', 'LOC_OP_DISTRICT_MOUNTAIN_PRODUCTION'),
							 ('OP_ZEUS_DESERT_MOUNTAIN_INDUSTRIAL_ZONE_ADJACENCY', 'TerrainType', 'TERRAIN_DESERT_MOUNTAIN'),
							 ('OP_ZEUS_DESERT_MOUNTAIN_INDUSTRIAL_ZONE_ADJACENCY', 'YieldType', 'YIELD_PRODUCTION'),
                             ('OP_ZEUS_DESERT_MOUNTAIN_INDUSTRIAL_ZONE_ADJACENCY', 'Amount', 1) ;
INSERT OR IGNORE INTO BeliefModifiers (BeliefType, ModifierID) VALUES 
                            ('OP_ZEUS', 'OP_ZEUS_TUNDRA_MOUNTAIN_INDUSTRIAL_ZONE_ADJACENCY') ;
INSERT OR IGNORE INTO Modifiers(ModifierId, ModifierType, SubjectRequirementSetId) VALUES 
                     ('OP_ZEUS_TUNDRA_MOUNTAIN_INDUSTRIAL_ZONE_ADJACENCY', 'MODIFIER_ALL_CITIES_TERRAIN_ADJACENCY', 'CITY_FOLLOWS_PANTHEON_REQUIREMENTS') ;
INSERT OR IGNORE INTO ModifierArguments(ModifierId, Name, Value) VALUES
							 ('OP_ZEUS_TUNDRA_MOUNTAIN_INDUSTRIAL_ZONE_ADJACENCY', 'DistrictType', 'DISTRICT_INDUSTRIAL_ZONE'),
							 ('OP_ZEUS_TUNDRA_MOUNTAIN_INDUSTRIAL_ZONE_ADJACENCY', 'Description', 'LOC_OP_DISTRICT_MOUNTAIN_PRODUCTION'),
							 ('OP_ZEUS_TUNDRA_MOUNTAIN_INDUSTRIAL_ZONE_ADJACENCY', 'TerrainType', 'TERRAIN_TUNDRA_MOUNTAIN'),
							 ('OP_ZEUS_TUNDRA_MOUNTAIN_INDUSTRIAL_ZONE_ADJACENCY', 'YieldType', 'YIELD_PRODUCTION'),
                             ('OP_ZEUS_TUNDRA_MOUNTAIN_INDUSTRIAL_ZONE_ADJACENCY', 'Amount', 1) ;
INSERT OR IGNORE INTO BeliefModifiers (BeliefType, ModifierID) VALUES 
                            ('OP_ZEUS', 'OP_ZEUS_SNOW_MOUNTAIN_INDUSTRIAL_ZONE_ADJACENCY') ;
INSERT OR IGNORE INTO Modifiers(ModifierId, ModifierType, SubjectRequirementSetId) VALUES 
                     ('OP_ZEUS_SNOW_MOUNTAIN_INDUSTRIAL_ZONE_ADJACENCY', 'MODIFIER_ALL_CITIES_TERRAIN_ADJACENCY', 'CITY_FOLLOWS_PANTHEON_REQUIREMENTS') ;
INSERT OR IGNORE INTO ModifierArguments(ModifierId, Name, Value) VALUES
							 ('OP_ZEUS_SNOW_MOUNTAIN_INDUSTRIAL_ZONE_ADJACENCY', 'DistrictType', 'DISTRICT_INDUSTRIAL_ZONE'),
							 ('OP_ZEUS_SNOW_MOUNTAIN_INDUSTRIAL_ZONE_ADJACENCY', 'Description', 'LOC_OP_DISTRICT_MOUNTAIN_PRODUCTION'),
							 ('OP_ZEUS_SNOW_MOUNTAIN_INDUSTRIAL_ZONE_ADJACENCY', 'TerrainType', 'TERRAIN_SNOW_MOUNTAIN'),
							 ('OP_ZEUS_SNOW_MOUNTAIN_INDUSTRIAL_ZONE_ADJACENCY', 'YieldType', 'YIELD_PRODUCTION'),
                             ('OP_ZEUS_SNOW_MOUNTAIN_INDUSTRIAL_ZONE_ADJACENCY', 'Amount', 1) ;

--   NEIGHBORHOOD adjacency +1 per mountain
INSERT OR IGNORE INTO BeliefModifiers (BeliefType, ModifierID) VALUES 
                            ('OP_ZEUS', 'OP_ZEUS_GRASS_MOUNTAIN_NEIGHBORHOOD_ADJACENCY') ;
INSERT OR IGNORE INTO Modifiers(ModifierId, ModifierType, SubjectRequirementSetId) VALUES 
                     ('OP_ZEUS_GRASS_MOUNTAIN_NEIGHBORHOOD_ADJACENCY', 'MODIFIER_ALL_CITIES_TERRAIN_ADJACENCY', 'CITY_FOLLOWS_PANTHEON_REQUIREMENTS') ;
INSERT OR IGNORE INTO ModifierArguments(ModifierId, Name, Value) VALUES
							 ('OP_ZEUS_GRASS_MOUNTAIN_NEIGHBORHOOD_ADJACENCY', 'DistrictType', 'DISTRICT_NEIGHBORHOOD'),
							 ('OP_ZEUS_GRASS_MOUNTAIN_NEIGHBORHOOD_ADJACENCY', 'Description', 'LOC_OP_DISTRICT_MOUNTAIN_FAITH'),
							 ('OP_ZEUS_GRASS_MOUNTAIN_NEIGHBORHOOD_ADJACENCY', 'TerrainType', 'TERRAIN_GRASS_MOUNTAIN'),
							 ('OP_ZEUS_GRASS_MOUNTAIN_NEIGHBORHOOD_ADJACENCY', 'YieldType', 'YIELD_FAITH'),
                             ('OP_ZEUS_GRASS_MOUNTAIN_NEIGHBORHOOD_ADJACENCY', 'Amount', 1) ;
INSERT OR IGNORE INTO BeliefModifiers (BeliefType, ModifierID) VALUES 
                            ('OP_ZEUS', 'OP_ZEUS_PLAINS_MOUNTAIN_NEIGHBORHOOD_ADJACENCY') ;
INSERT OR IGNORE INTO Modifiers(ModifierId, ModifierType, SubjectRequirementSetId) VALUES 
                     ('OP_ZEUS_PLAINS_MOUNTAIN_NEIGHBORHOOD_ADJACENCY', 'MODIFIER_ALL_CITIES_TERRAIN_ADJACENCY', 'CITY_FOLLOWS_PANTHEON_REQUIREMENTS') ;
INSERT OR IGNORE INTO ModifierArguments(ModifierId, Name, Value) VALUES
							 ('OP_ZEUS_PLAINS_MOUNTAIN_NEIGHBORHOOD_ADJACENCY', 'DistrictType', 'DISTRICT_NEIGHBORHOOD'),
							 ('OP_ZEUS_PLAINS_MOUNTAIN_NEIGHBORHOOD_ADJACENCY', 'Description', 'LOC_OP_DISTRICT_MOUNTAIN_FAITH'),
							 ('OP_ZEUS_PLAINS_MOUNTAIN_NEIGHBORHOOD_ADJACENCY', 'TerrainType', 'TERRAIN_PLAINS_MOUNTAIN'),
							 ('OP_ZEUS_PLAINS_MOUNTAIN_NEIGHBORHOOD_ADJACENCY', 'YieldType', 'YIELD_FAITH'),
                             ('OP_ZEUS_PLAINS_MOUNTAIN_NEIGHBORHOOD_ADJACENCY', 'Amount', 1) ;
INSERT OR IGNORE INTO BeliefModifiers (BeliefType, ModifierID) VALUES 
                            ('OP_ZEUS', 'OP_ZEUS_DESERT_MOUNTAIN_NEIGHBORHOOD_ADJACENCY') ;
INSERT OR IGNORE INTO Modifiers(ModifierId, ModifierType, SubjectRequirementSetId) VALUES 
                     ('OP_ZEUS_DESERT_MOUNTAIN_NEIGHBORHOOD_ADJACENCY', 'MODIFIER_ALL_CITIES_TERRAIN_ADJACENCY', 'CITY_FOLLOWS_PANTHEON_REQUIREMENTS') ;
INSERT OR IGNORE INTO ModifierArguments(ModifierId, Name, Value) VALUES
							 ('OP_ZEUS_DESERT_MOUNTAIN_NEIGHBORHOOD_ADJACENCY', 'DistrictType', 'DISTRICT_NEIGHBORHOOD'),
							 ('OP_ZEUS_DESERT_MOUNTAIN_NEIGHBORHOOD_ADJACENCY', 'Description', 'LOC_OP_DISTRICT_MOUNTAIN_FAITH'),
							 ('OP_ZEUS_DESERT_MOUNTAIN_NEIGHBORHOOD_ADJACENCY', 'TerrainType', 'TERRAIN_DESERT_MOUNTAIN'),
							 ('OP_ZEUS_DESERT_MOUNTAIN_NEIGHBORHOOD_ADJACENCY', 'YieldType', 'YIELD_FAITH'),
                             ('OP_ZEUS_DESERT_MOUNTAIN_NEIGHBORHOOD_ADJACENCY', 'Amount', 1) ;
INSERT OR IGNORE INTO BeliefModifiers (BeliefType, ModifierID) VALUES 
                            ('OP_ZEUS', 'OP_ZEUS_TUNDRA_MOUNTAIN_NEIGHBORHOOD_ADJACENCY') ;
INSERT OR IGNORE INTO Modifiers(ModifierId, ModifierType, SubjectRequirementSetId) VALUES 
                     ('OP_ZEUS_TUNDRA_MOUNTAIN_NEIGHBORHOOD_ADJACENCY', 'MODIFIER_ALL_CITIES_TERRAIN_ADJACENCY', 'CITY_FOLLOWS_PANTHEON_REQUIREMENTS') ;
INSERT OR IGNORE INTO ModifierArguments(ModifierId, Name, Value) VALUES
							 ('OP_ZEUS_TUNDRA_MOUNTAIN_NEIGHBORHOOD_ADJACENCY', 'DistrictType', 'DISTRICT_NEIGHBORHOOD'),
							 ('OP_ZEUS_TUNDRA_MOUNTAIN_NEIGHBORHOOD_ADJACENCY', 'Description', 'LOC_OP_DISTRICT_MOUNTAIN_FAITH'),
							 ('OP_ZEUS_TUNDRA_MOUNTAIN_NEIGHBORHOOD_ADJACENCY', 'TerrainType', 'TERRAIN_TUNDRA_MOUNTAIN'),
							 ('OP_ZEUS_TUNDRA_MOUNTAIN_NEIGHBORHOOD_ADJACENCY', 'YieldType', 'YIELD_FAITH'),
                             ('OP_ZEUS_TUNDRA_MOUNTAIN_NEIGHBORHOOD_ADJACENCY', 'Amount', 1) ;
INSERT OR IGNORE INTO BeliefModifiers (BeliefType, ModifierID) VALUES 
                            ('OP_ZEUS', 'OP_ZEUS_SNOW_MOUNTAIN_NEIGHBORHOOD_ADJACENCY') ;
INSERT OR IGNORE INTO Modifiers(ModifierId, ModifierType, SubjectRequirementSetId) VALUES 
                     ('OP_ZEUS_SNOW_MOUNTAIN_NEIGHBORHOOD_ADJACENCY', 'MODIFIER_ALL_CITIES_TERRAIN_ADJACENCY', 'CITY_FOLLOWS_PANTHEON_REQUIREMENTS') ;
INSERT OR IGNORE INTO ModifierArguments(ModifierId, Name, Value) VALUES
							 ('OP_ZEUS_SNOW_MOUNTAIN_NEIGHBORHOOD_ADJACENCY', 'DistrictType', 'DISTRICT_NEIGHBORHOOD'),
							 ('OP_ZEUS_SNOW_MOUNTAIN_NEIGHBORHOOD_ADJACENCY', 'Description', 'LOC_OP_DISTRICT_MOUNTAIN_FAITH'),
							 ('OP_ZEUS_SNOW_MOUNTAIN_NEIGHBORHOOD_ADJACENCY', 'TerrainType', 'TERRAIN_SNOW_MOUNTAIN'),
							 ('OP_ZEUS_SNOW_MOUNTAIN_NEIGHBORHOOD_ADJACENCY', 'YieldType', 'YIELD_FAITH'),
                             ('OP_ZEUS_SNOW_MOUNTAIN_NEIGHBORHOOD_ADJACENCY', 'Amount', 1) ;

--   THEATER adjacency +1 per mountain
INSERT OR IGNORE INTO BeliefModifiers (BeliefType, ModifierID) VALUES 
                            ('OP_ZEUS', 'OP_ZEUS_GRASS_MOUNTAIN_THEATER_ADJACENCY') ;
INSERT OR IGNORE INTO Modifiers(ModifierId, ModifierType, SubjectRequirementSetId) VALUES 
                     ('OP_ZEUS_GRASS_MOUNTAIN_THEATER_ADJACENCY', 'MODIFIER_ALL_CITIES_TERRAIN_ADJACENCY', 'CITY_FOLLOWS_PANTHEON_REQUIREMENTS') ;
INSERT OR IGNORE INTO ModifierArguments(ModifierId, Name, Value) VALUES
							 ('OP_ZEUS_GRASS_MOUNTAIN_THEATER_ADJACENCY', 'DistrictType', 'DISTRICT_THEATER'),
							 ('OP_ZEUS_GRASS_MOUNTAIN_THEATER_ADJACENCY', 'Description', 'LOC_OP_DISTRICT_MOUNTAIN_CULTURE'),
							 ('OP_ZEUS_GRASS_MOUNTAIN_THEATER_ADJACENCY', 'TerrainType', 'TERRAIN_GRASS_MOUNTAIN'),
							 ('OP_ZEUS_GRASS_MOUNTAIN_THEATER_ADJACENCY', 'YieldType', 'YIELD_CULTURE'),
                             ('OP_ZEUS_GRASS_MOUNTAIN_THEATER_ADJACENCY', 'Amount', 1) ;
INSERT OR IGNORE INTO BeliefModifiers (BeliefType, ModifierID) VALUES 
                            ('OP_ZEUS', 'OP_ZEUS_PLAINS_MOUNTAIN_THEATER_ADJACENCY') ;
INSERT OR IGNORE INTO Modifiers(ModifierId, ModifierType, SubjectRequirementSetId) VALUES 
                     ('OP_ZEUS_PLAINS_MOUNTAIN_THEATER_ADJACENCY', 'MODIFIER_ALL_CITIES_TERRAIN_ADJACENCY', 'CITY_FOLLOWS_PANTHEON_REQUIREMENTS') ;
INSERT OR IGNORE INTO ModifierArguments(ModifierId, Name, Value) VALUES
							 ('OP_ZEUS_PLAINS_MOUNTAIN_THEATER_ADJACENCY', 'DistrictType', 'DISTRICT_THEATER'),
							 ('OP_ZEUS_PLAINS_MOUNTAIN_THEATER_ADJACENCY', 'Description', 'LOC_OP_DISTRICT_MOUNTAIN_CULTURE'),
							 ('OP_ZEUS_PLAINS_MOUNTAIN_THEATER_ADJACENCY', 'TerrainType', 'TERRAIN_PLAINS_MOUNTAIN'),
							 ('OP_ZEUS_PLAINS_MOUNTAIN_THEATER_ADJACENCY', 'YieldType', 'YIELD_CULTURE'),
                             ('OP_ZEUS_PLAINS_MOUNTAIN_THEATER_ADJACENCY', 'Amount', 1) ;
INSERT OR IGNORE INTO BeliefModifiers (BeliefType, ModifierID) VALUES 
                            ('OP_ZEUS', 'OP_ZEUS_DESERT_MOUNTAIN_THEATER_ADJACENCY') ;
INSERT OR IGNORE INTO Modifiers(ModifierId, ModifierType, SubjectRequirementSetId) VALUES 
                     ('OP_ZEUS_DESERT_MOUNTAIN_THEATER_ADJACENCY', 'MODIFIER_ALL_CITIES_TERRAIN_ADJACENCY', 'CITY_FOLLOWS_PANTHEON_REQUIREMENTS') ;
INSERT OR IGNORE INTO ModifierArguments(ModifierId, Name, Value) VALUES
							 ('OP_ZEUS_DESERT_MOUNTAIN_THEATER_ADJACENCY', 'DistrictType', 'DISTRICT_THEATER'),
							 ('OP_ZEUS_DESERT_MOUNTAIN_THEATER_ADJACENCY', 'Description', 'LOC_OP_DISTRICT_MOUNTAIN_CULTURE'),
							 ('OP_ZEUS_DESERT_MOUNTAIN_THEATER_ADJACENCY', 'TerrainType', 'TERRAIN_DESERT_MOUNTAIN'),
							 ('OP_ZEUS_DESERT_MOUNTAIN_THEATER_ADJACENCY', 'YieldType', 'YIELD_CULTURE'),
                             ('OP_ZEUS_DESERT_MOUNTAIN_THEATER_ADJACENCY', 'Amount', 1) ;
INSERT OR IGNORE INTO BeliefModifiers (BeliefType, ModifierID) VALUES 
                            ('OP_ZEUS', 'OP_ZEUS_TUNDRA_MOUNTAIN_THEATER_ADJACENCY') ;
INSERT OR IGNORE INTO Modifiers(ModifierId, ModifierType, SubjectRequirementSetId) VALUES 
                     ('OP_ZEUS_TUNDRA_MOUNTAIN_THEATER_ADJACENCY', 'MODIFIER_ALL_CITIES_TERRAIN_ADJACENCY', 'CITY_FOLLOWS_PANTHEON_REQUIREMENTS') ;
INSERT OR IGNORE INTO ModifierArguments(ModifierId, Name, Value) VALUES
							 ('OP_ZEUS_TUNDRA_MOUNTAIN_THEATER_ADJACENCY', 'DistrictType', 'DISTRICT_THEATER'),
							 ('OP_ZEUS_TUNDRA_MOUNTAIN_THEATER_ADJACENCY', 'Description', 'LOC_OP_DISTRICT_MOUNTAIN_CULTURE'),
							 ('OP_ZEUS_TUNDRA_MOUNTAIN_THEATER_ADJACENCY', 'TerrainType', 'TERRAIN_TUNDRA_MOUNTAIN'),
							 ('OP_ZEUS_TUNDRA_MOUNTAIN_THEATER_ADJACENCY', 'YieldType', 'YIELD_CULTURE'),
                             ('OP_ZEUS_TUNDRA_MOUNTAIN_THEATER_ADJACENCY', 'Amount', 1) ;
INSERT OR IGNORE INTO BeliefModifiers (BeliefType, ModifierID) VALUES 
                            ('OP_ZEUS', 'OP_ZEUS_SNOW_MOUNTAIN_THEATER_ADJACENCY') ;
INSERT OR IGNORE INTO Modifiers(ModifierId, ModifierType, SubjectRequirementSetId) VALUES 
                     ('OP_ZEUS_SNOW_MOUNTAIN_THEATER_ADJACENCY', 'MODIFIER_ALL_CITIES_TERRAIN_ADJACENCY', 'CITY_FOLLOWS_PANTHEON_REQUIREMENTS') ;
INSERT OR IGNORE INTO ModifierArguments(ModifierId, Name, Value) VALUES
							 ('OP_ZEUS_SNOW_MOUNTAIN_THEATER_ADJACENCY', 'DistrictType', 'DISTRICT_THEATER'),
							 ('OP_ZEUS_SNOW_MOUNTAIN_THEATER_ADJACENCY', 'Description', 'LOC_OP_DISTRICT_MOUNTAIN_CULTURE'),
							 ('OP_ZEUS_SNOW_MOUNTAIN_THEATER_ADJACENCY', 'TerrainType', 'TERRAIN_SNOW_MOUNTAIN'),
							 ('OP_ZEUS_SNOW_MOUNTAIN_THEATER_ADJACENCY', 'YieldType', 'YIELD_CULTURE'),
                             ('OP_ZEUS_SNOW_MOUNTAIN_THEATER_ADJACENCY', 'Amount', 1) ;

--   WATER_ENTERTAINMENT_COMPLEX adjacency +1 per mountain
INSERT OR IGNORE INTO BeliefModifiers (BeliefType, ModifierID) VALUES 
                            ('OP_ZEUS', 'OP_ZEUS_GRASS_MOUNTAIN_WATER_ENTERTAINMENT_COMPLEX_ADJACENCY') ;
INSERT OR IGNORE INTO Modifiers(ModifierId, ModifierType, SubjectRequirementSetId) VALUES 
                     ('OP_ZEUS_GRASS_MOUNTAIN_WATER_ENTERTAINMENT_COMPLEX_ADJACENCY', 'MODIFIER_ALL_CITIES_TERRAIN_ADJACENCY', 'CITY_FOLLOWS_PANTHEON_REQUIREMENTS') ;
INSERT OR IGNORE INTO ModifierArguments(ModifierId, Name, Value) VALUES
							 ('OP_ZEUS_GRASS_MOUNTAIN_WATER_ENTERTAINMENT_COMPLEX_ADJACENCY', 'DistrictType', 'DISTRICT_WATER_ENTERTAINMENT_COMPLEX'),
							 ('OP_ZEUS_GRASS_MOUNTAIN_WATER_ENTERTAINMENT_COMPLEX_ADJACENCY', 'Description', 'LOC_OP_DISTRICT_MOUNTAIN_SCIENCE'),
							 ('OP_ZEUS_GRASS_MOUNTAIN_WATER_ENTERTAINMENT_COMPLEX_ADJACENCY', 'TerrainType', 'TERRAIN_GRASS_MOUNTAIN'),
							 ('OP_ZEUS_GRASS_MOUNTAIN_WATER_ENTERTAINMENT_COMPLEX_ADJACENCY', 'YieldType', 'YIELD_SCIENCE'),
                             ('OP_ZEUS_GRASS_MOUNTAIN_WATER_ENTERTAINMENT_COMPLEX_ADJACENCY', 'Amount', 1) ;
INSERT OR IGNORE INTO BeliefModifiers (BeliefType, ModifierID) VALUES 
                            ('OP_ZEUS', 'OP_ZEUS_PLAINS_MOUNTAIN_WATER_ENTERTAINMENT_COMPLEX_ADJACENCY') ;
INSERT OR IGNORE INTO Modifiers(ModifierId, ModifierType, SubjectRequirementSetId) VALUES 
                     ('OP_ZEUS_PLAINS_MOUNTAIN_WATER_ENTERTAINMENT_COMPLEX_ADJACENCY', 'MODIFIER_ALL_CITIES_TERRAIN_ADJACENCY', 'CITY_FOLLOWS_PANTHEON_REQUIREMENTS') ;
INSERT OR IGNORE INTO ModifierArguments(ModifierId, Name, Value) VALUES
							 ('OP_ZEUS_PLAINS_MOUNTAIN_WATER_ENTERTAINMENT_COMPLEX_ADJACENCY', 'DistrictType', 'DISTRICT_WATER_ENTERTAINMENT_COMPLEX'),
							 ('OP_ZEUS_PLAINS_MOUNTAIN_WATER_ENTERTAINMENT_COMPLEX_ADJACENCY', 'Description', 'LOC_OP_DISTRICT_MOUNTAIN_SCIENCE'),
							 ('OP_ZEUS_PLAINS_MOUNTAIN_WATER_ENTERTAINMENT_COMPLEX_ADJACENCY', 'TerrainType', 'TERRAIN_PLAINS_MOUNTAIN'),
							 ('OP_ZEUS_PLAINS_MOUNTAIN_WATER_ENTERTAINMENT_COMPLEX_ADJACENCY', 'YieldType', 'YIELD_SCIENCE'),
                             ('OP_ZEUS_PLAINS_MOUNTAIN_WATER_ENTERTAINMENT_COMPLEX_ADJACENCY', 'Amount', 1) ;
INSERT OR IGNORE INTO BeliefModifiers (BeliefType, ModifierID) VALUES 
                            ('OP_ZEUS', 'OP_ZEUS_DESERT_MOUNTAIN_WATER_ENTERTAINMENT_COMPLEX_ADJACENCY') ;
INSERT OR IGNORE INTO Modifiers(ModifierId, ModifierType, SubjectRequirementSetId) VALUES 
                     ('OP_ZEUS_DESERT_MOUNTAIN_WATER_ENTERTAINMENT_COMPLEX_ADJACENCY', 'MODIFIER_ALL_CITIES_TERRAIN_ADJACENCY', 'CITY_FOLLOWS_PANTHEON_REQUIREMENTS') ;
INSERT OR IGNORE INTO ModifierArguments(ModifierId, Name, Value) VALUES
							 ('OP_ZEUS_DESERT_MOUNTAIN_WATER_ENTERTAINMENT_COMPLEX_ADJACENCY', 'DistrictType', 'DISTRICT_WATER_ENTERTAINMENT_COMPLEX'),
							 ('OP_ZEUS_DESERT_MOUNTAIN_WATER_ENTERTAINMENT_COMPLEX_ADJACENCY', 'Description', 'LOC_OP_DISTRICT_MOUNTAIN_SCIENCE'),
							 ('OP_ZEUS_DESERT_MOUNTAIN_WATER_ENTERTAINMENT_COMPLEX_ADJACENCY', 'TerrainType', 'TERRAIN_DESERT_MOUNTAIN'),
							 ('OP_ZEUS_DESERT_MOUNTAIN_WATER_ENTERTAINMENT_COMPLEX_ADJACENCY', 'YieldType', 'YIELD_SCIENCE'),
                             ('OP_ZEUS_DESERT_MOUNTAIN_WATER_ENTERTAINMENT_COMPLEX_ADJACENCY', 'Amount', 1) ;
INSERT OR IGNORE INTO BeliefModifiers (BeliefType, ModifierID) VALUES 
                            ('OP_ZEUS', 'OP_ZEUS_TUNDRA_MOUNTAIN_WATER_ENTERTAINMENT_COMPLEX_ADJACENCY') ;
INSERT OR IGNORE INTO Modifiers(ModifierId, ModifierType, SubjectRequirementSetId) VALUES 
                     ('OP_ZEUS_TUNDRA_MOUNTAIN_WATER_ENTERTAINMENT_COMPLEX_ADJACENCY', 'MODIFIER_ALL_CITIES_TERRAIN_ADJACENCY', 'CITY_FOLLOWS_PANTHEON_REQUIREMENTS') ;
INSERT OR IGNORE INTO ModifierArguments(ModifierId, Name, Value) VALUES
							 ('OP_ZEUS_TUNDRA_MOUNTAIN_WATER_ENTERTAINMENT_COMPLEX_ADJACENCY', 'DistrictType', 'DISTRICT_WATER_ENTERTAINMENT_COMPLEX'),
							 ('OP_ZEUS_TUNDRA_MOUNTAIN_WATER_ENTERTAINMENT_COMPLEX_ADJACENCY', 'Description', 'LOC_OP_DISTRICT_MOUNTAIN_SCIENCE'),
							 ('OP_ZEUS_TUNDRA_MOUNTAIN_WATER_ENTERTAINMENT_COMPLEX_ADJACENCY', 'TerrainType', 'TERRAIN_TUNDRA_MOUNTAIN'),
							 ('OP_ZEUS_TUNDRA_MOUNTAIN_WATER_ENTERTAINMENT_COMPLEX_ADJACENCY', 'YieldType', 'YIELD_SCIENCE'),
                             ('OP_ZEUS_TUNDRA_MOUNTAIN_WATER_ENTERTAINMENT_COMPLEX_ADJACENCY', 'Amount', 1) ;
INSERT OR IGNORE INTO BeliefModifiers (BeliefType, ModifierID) VALUES 
                            ('OP_ZEUS', 'OP_ZEUS_SNOW_MOUNTAIN_WATER_ENTERTAINMENT_COMPLEX_ADJACENCY') ;
INSERT OR IGNORE INTO Modifiers(ModifierId, ModifierType, SubjectRequirementSetId) VALUES 
                     ('OP_ZEUS_SNOW_MOUNTAIN_WATER_ENTERTAINMENT_COMPLEX_ADJACENCY', 'MODIFIER_ALL_CITIES_TERRAIN_ADJACENCY', 'CITY_FOLLOWS_PANTHEON_REQUIREMENTS') ;
INSERT OR IGNORE INTO ModifierArguments(ModifierId, Name, Value) VALUES
							 ('OP_ZEUS_SNOW_MOUNTAIN_WATER_ENTERTAINMENT_COMPLEX_ADJACENCY', 'DistrictType', 'DISTRICT_WATER_ENTERTAINMENT_COMPLEX'),
							 ('OP_ZEUS_SNOW_MOUNTAIN_WATER_ENTERTAINMENT_COMPLEX_ADJACENCY', 'Description', 'LOC_OP_DISTRICT_MOUNTAIN_SCIENCE'),
							 ('OP_ZEUS_SNOW_MOUNTAIN_WATER_ENTERTAINMENT_COMPLEX_ADJACENCY', 'TerrainType', 'TERRAIN_SNOW_MOUNTAIN'),
							 ('OP_ZEUS_SNOW_MOUNTAIN_WATER_ENTERTAINMENT_COMPLEX_ADJACENCY', 'YieldType', 'YIELD_SCIENCE'),
                             ('OP_ZEUS_SNOW_MOUNTAIN_WATER_ENTERTAINMENT_COMPLEX_ADJACENCY', 'Amount', 1) ;

-- 5 FAITH on Statue of Zeus
INSERT OR IGNORE INTO BeliefModifiers (BeliefType, ModifierID) VALUES 
                            ('OP_ZEUS', 'OP_ZEUS_CITY_APPLIES_MODIFIER_FAITH_ON_STATUE_OF_ZEUS') ;
INSERT OR IGNORE INTO Modifiers (ModifierId, ModifierType, SubjectRequirementSetId) VALUES 
                      ('OP_ZEUS_CITY_APPLIES_MODIFIER_FAITH_ON_STATUE_OF_ZEUS', 'MODIFIER_ALL_CITIES_ATTACH_MODIFIER', 'CITY_FOLLOWS_PANTHEON_REQUIREMENTS') ;
INSERT OR IGNORE INTO ModifierArguments (ModifierId, Name, Value) VALUES 
                              ('OP_ZEUS_CITY_APPLIES_MODIFIER_FAITH_ON_STATUE_OF_ZEUS', 'ModifierId', 'OP_ZEUS_FAITH_INCREASES_ON_STATUE_OF_ZEUS') ;
INSERT OR IGNORE INTO Modifiers (ModifierId, ModifierType) VALUES 
                      ('OP_ZEUS_FAITH_INCREASES_ON_STATUE_OF_ZEUS', 'MODIFIER_BUILDING_YIELD_CHANGE') ;
INSERT OR IGNORE INTO ModifierArguments (ModifierId, Name, Value) VALUES 
                              ('OP_ZEUS_FAITH_INCREASES_ON_STATUE_OF_ZEUS', 'BuildingType', 'BUILDING_STATUE_OF_ZEUS'),
                              ('OP_ZEUS_FAITH_INCREASES_ON_STATUE_OF_ZEUS', 'YieldType', 'YIELD_FAITH'),
							  ('OP_ZEUS_FAITH_INCREASES_ON_STATUE_OF_ZEUS', 'Amount', 5) ;
