-- ------------------------------------
-- ------------------------------------
-- Delete all the pantheon beliefs (they'll be replaced)
-- ------------------------------------
-- ------------------------------------
DELETE FROM Types WHERE Type IN (
    SELECT Type FROM Types INNER JOIN Beliefs ON Beliefs.BeliefType = Types.Type AND Beliefs.BeliefClassType = 'BELIEF_CLASS_PANTHEON'
) ;
DELETE FROM Beliefs WHERE BeliefClassType = 'BELIEF_CLASS_PANTHEON' ;




-- The order they're inserted determines the order they are listed in the Choose Pantheon screen
-- After 19 you need to use a second file otherwise it screws up the order (see OP2.sql)

-- ------------------------------------
--  Alpheus
-- ------------------------------------
INSERT OR IGNORE INTO Types (Type, Kind) VALUES ('OP_ALPHEUS', 'KIND_BELIEF') ;
INSERT OR IGNORE INTO Beliefs (BeliefType, Name, Description, BeliefClassType) VALUES ('OP_ALPHEUS', 'LOC_OP_ALPHEUS', 'LOC_OP_ALPHEUS_DESCRIPTION', 'BELIEF_CLASS_PANTHEON') ;
--    GOLD yield
INSERT OR IGNORE INTO BeliefModifiers (BeliefType, ModifierID) VALUES 
			                ('OP_ALPHEUS', 'OP_ALPHEUS_CITY_APPLIES_MODIFIER_GOLD') ;
INSERT OR IGNORE INTO Modifiers (ModifierId, ModifierType, SubjectRequirementSetId) VALUES 
                      ('OP_ALPHEUS_CITY_APPLIES_MODIFIER_GOLD', 'MODIFIER_ALL_CITIES_ATTACH_MODIFIER', 'CITY_FOLLOWS_PANTHEON_REQUIREMENTS') ;
INSERT OR IGNORE INTO ModifierArguments (ModifierId, Name, Value) VALUES 
                              ('OP_ALPHEUS_CITY_APPLIES_MODIFIER_GOLD', 'ModifierId', 'OP_ALPHEUS_INCREASES_ON_RIVER_GOLD') ;
INSERT OR IGNORE INTO Modifiers (ModifierId, ModifierType, SubjectRequirementSetId) VALUES 
                      ('OP_ALPHEUS_INCREASES_ON_RIVER_GOLD', 'MODIFIER_CITY_PLOT_YIELDS_ADJUST_PLOT_YIELD', 'PLOT_ADJACENT_TO_RIVER_REQUIREMENTS') ;
INSERT OR IGNORE INTO ModifierArguments (ModifierId, Name, Value) VALUES
							  ('OP_ALPHEUS_INCREASES_ON_RIVER_GOLD', 'YieldType', 'YIELD_GOLD'),
							  ('OP_ALPHEUS_INCREASES_ON_RIVER_GOLD', 'Amount', 1) ;
--    Holy Site Faith for River Adjacency
INSERT OR IGNORE INTO BeliefModifiers (BeliefType, ModifierID) VALUES 
                            ('OP_ALPHEUS', 'OP_ALPHEUS_RIVER_HOLY_SITE_ADJACENCY') ;
INSERT OR IGNORE INTO Modifiers(ModifierId, ModifierType, SubjectRequirementSetId) VALUES 
                     ('OP_ALPHEUS_RIVER_HOLY_SITE_ADJACENCY', 'DB_DM_CITIES_RIVER_ADJACENCY', 'CITY_FOLLOWS_PANTHEON_REQUIREMENTS') ;
INSERT OR IGNORE INTO ModifierArguments (ModifierId, Name, Value) VALUES 
                              ('OP_ALPHEUS_RIVER_HOLY_SITE_ADJACENCY', 'DistrictType', 'DISTRICT_HOLY_SITE'),
							  ('OP_ALPHEUS_RIVER_HOLY_SITE_ADJACENCY', 'Description', 'LOC_OP_DISTRICT_RIVER_FAITH'),
							  ('OP_ALPHEUS_RIVER_HOLY_SITE_ADJACENCY', 'YieldType', 'YIELD_FAITH'),
                              ('OP_ALPHEUS_RIVER_HOLY_SITE_ADJACENCY', 'Amount', 5) ;

--	  Faith-purchase water mills
INSERT INTO BeliefModifiers (BeliefType, ModifierID) VALUES ('OP_ALPHEUS', 'OP_ALPHEUS_FAITH_PURCHASE_WATER_MILLS') ;
INSERT INTO Modifiers (ModifierId, ModifierType, SubjectRequirementSetId) VALUES ('OP_ALPHEUS_FAITH_PURCHASE_WATER_MILLS', 'DB_DM_CITIES_CAN_PURCHASE_BUILDING_W_FAITH', 'CITY_FOLLOWS_PANTHEON_REQUIREMENTS') ;
INSERT INTO ModifierArguments (ModifierId, Name, Value) VALUES ('OP_ALPHEUS_FAITH_PURCHASE_WATER_MILLS', 'BuildingType', 'BUILDING_WATER_MILL') ;



-- ------------------------------------
--   Aphrodite
-- ------------------------------------
INSERT OR IGNORE INTO Types (Type, Kind) VALUES ('OP_APHRODITE', 'KIND_BELIEF') ; 
INSERT OR IGNORE INTO Beliefs (BeliefType, Name, Description, BeliefClassType) VALUES ('OP_APHRODITE', 'LOC_OP_APHRODITE', 'LOC_OP_APHRODITE_DESCRIPTION', 'BELIEF_CLASS_PANTHEON') ;

-- Breathtaking plots
INSERT OR IGNORE INTO BeliefModifiers (BeliefType, ModifierID) VALUES 
                            ('OP_APHRODITE', 'OP_APHRODITE_FAITH_CITY_APPLIES_MODIFIER') ;
INSERT OR IGNORE INTO Modifiers (ModifierId, ModifierType, SubjectRequirementSetId) VALUES 
                      ('OP_APHRODITE_FAITH_CITY_APPLIES_MODIFIER', 'MODIFIER_ALL_CITIES_ATTACH_MODIFIER', 'CITY_FOLLOWS_PANTHEON_REQUIREMENTS') ;
INSERT OR IGNORE INTO ModifierArguments (ModifierId, Name, Value) VALUES 
							  ('OP_APHRODITE_FAITH_CITY_APPLIES_MODIFIER', 'ModifierId', 'OP_APHRODITE_FAITH_INCREASES_ON_BREATHTAKING') ;
INSERT OR IGNORE INTO Modifiers (ModifierId, ModifierType, SubjectRequirementSetId) VALUES 
                      ('OP_APHRODITE_FAITH_INCREASES_ON_BREATHTAKING', 'MODIFIER_CITY_PLOT_YIELDS_ADJUST_PLOT_YIELD', 'DB_REQSET_BREATHTAKING_APPEAL') ;
INSERT OR IGNORE INTO ModifierArguments (ModifierId, Name, Value) VALUES 
							  ('OP_APHRODITE_FAITH_INCREASES_ON_BREATHTAKING', 'YieldType', 'YIELD_FAITH'),
							  ('OP_APHRODITE_FAITH_INCREASES_ON_BREATHTAKING', 'Amount', 2) ;

-- Breathtaking Districts
INSERT OR IGNORE INTO BeliefModifiers (BeliefType, ModifierID) 
  SELECT 'OP_APHRODITE', 'OP_APHRODITE_BREATHTAKING_' || SUBSTR(DistrictType, 10)  FROM Districts WHERE TraitType IS NULL AND DistrictType NOT LIKE '%wonder%' AND DistrictType NOT LIKE '%city_center%' ;
INSERT OR IGNORE INTO Modifiers(ModifierId, ModifierType, SubjectRequirementSetId) 
  SELECT 'OP_APHRODITE_BREATHTAKING_' || SUBSTR(DistrictType, 10), 'DB_DM_CITIES_ADJUST_DISTRICTS_YIELD_BASED_ON_APPEAL', 'CITY_FOLLOWS_PANTHEON_REQUIREMENTS'  FROM Districts WHERE TraitType IS NULL AND DistrictType NOT LIKE '%wonder%' AND DistrictType NOT LIKE '%city_center%' ;
INSERT OR IGNORE INTO ModifierArguments(ModifierId, Name, Value)
  SELECT 'OP_APHRODITE_BREATHTAKING_' || SUBSTR(DistrictType, 10), 'Description', 'LOC_OP_DISTRICT_APPEAL_FAITH'  FROM Districts WHERE TraitType IS NULL AND DistrictType NOT LIKE '%wonder%' AND DistrictType NOT LIKE '%city_center%' ;
INSERT OR IGNORE INTO ModifierArguments(ModifierId, Name, Value)
  SELECT 'OP_APHRODITE_BREATHTAKING_' || SUBSTR(DistrictType, 10), 'DistrictType', DistrictType  FROM Districts WHERE TraitType IS NULL AND DistrictType NOT LIKE '%wonder%' AND DistrictType NOT LIKE '%city_center%' ;
INSERT OR IGNORE INTO ModifierArguments(ModifierId, Name, Value)
  SELECT 'OP_APHRODITE_BREATHTAKING_' || SUBSTR(DistrictType, 10), 'RequiredAppeal', 4  FROM Districts WHERE TraitType IS NULL AND DistrictType NOT LIKE '%wonder%' AND DistrictType NOT LIKE '%city_center%' ;
INSERT OR IGNORE INTO ModifierArguments(ModifierId, Name, Value)
  SELECT 'OP_APHRODITE_BREATHTAKING_' || SUBSTR(DistrictType, 10), 'YieldType', 'YIELD_FAITH' FROM Districts WHERE TraitType IS NULL AND DistrictType NOT LIKE '%wonder%' AND DistrictType NOT LIKE '%city_center%' ;
INSERT OR IGNORE INTO ModifierArguments(ModifierId, Name, Value)
  SELECT 'OP_APHRODITE_BREATHTAKING_' || SUBSTR(DistrictType, 10), 'YieldChange', 2 FROM Districts WHERE TraitType IS NULL AND DistrictType NOT LIKE '%wonder%' AND DistrictType NOT LIKE '%city_center%' ;


-- ------------------------------------
--  Apollo
-- ------------------------------------

--		Tag Apollo's resources
INSERT OR IGNORE INTO Tags (Tag, Vocabulary) VALUES ('OP_CLASS_APOLLO_RESOURCES', 'RESOURCE_CLASS') ;
INSERT OR IGNORE INTO TypeTags (Type, Tag)
SELECT ResourceType, 'OP_CLASS_APOLLO_RESOURCES' FROM Improvement_ValidResources WHERE ImprovementType = 'IMPROVEMENT_PASTURE' ;

--		Set up plot test requirements
INSERT OR IGNORE INTO Requirements (RequirementId, RequirementType) VALUES ('OP_REQ_PLOT_HAS_APOLLO_RESOURCE', 'REQUIREMENT_PLOT_RESOURCE_TAG_MATCHES') ;
INSERT OR IGNORE INTO RequirementArguments (RequirementId, Name, Value) VALUES ('OP_REQ_PLOT_HAS_APOLLO_RESOURCE', 'Tag', 'OP_CLASS_APOLLO_RESOURCES') ;
INSERT OR IGNORE INTO RequirementSets (RequirementSetId, RequirementSetType) VALUES ('OP_REQSET_PLOT_HAS_IMPROVED_APOLLO_RESOURCE', 'REQUIREMENTSET_TEST_ALL') ;
INSERT OR IGNORE INTO RequirementSetRequirements (RequirementSetId, RequirementId) VALUES
('OP_REQSET_PLOT_HAS_IMPROVED_APOLLO_RESOURCE', 'DB_REQ_HAS_STANDARD_RESOURCE_IMPROVEMENT_OR_INDUSTRY_OR_CORPORATION'),
('OP_REQSET_PLOT_HAS_IMPROVED_APOLLO_RESOURCE', 'OP_REQ_PLOT_HAS_APOLLO_RESOURCE') ;
INSERT OR IGNORE INTO Requirements (RequirementId, RequirementType) VALUES ('OP_REQ_PLOT_HAS_IMPROVED_APOLLO_RESOURCE', 'REQUIREMENT_REQUIREMENTSET_IS_MET') ;
INSERT OR IGNORE INTO RequirementArguments (RequirementId, Name, Value) VALUES ('OP_REQ_PLOT_HAS_IMPROVED_APOLLO_RESOURCE', 'RequirementSetId', 'OP_REQSET_PLOT_HAS_IMPROVED_APOLLO_RESOURCE') ;

--		Set up adjacency test requirements
INSERT OR IGNORE INTO RequirementSets (RequirementSetId, RequirementSetType) VALUES ('OP_REQSET_PLOT_HAS_IMPROVED_APOLLO_RESOURCE_NEXT_TO_HOLY_SITE', 'REQUIREMENTSET_TEST_ALL') ;
INSERT OR IGNORE INTO RequirementSetRequirements (RequirementSetId, RequirementId) VALUES 
('OP_REQSET_PLOT_HAS_IMPROVED_APOLLO_RESOURCE_NEXT_TO_HOLY_SITE', 'OP_REQ_PLOT_HAS_IMPROVED_APOLLO_RESOURCE'),
('OP_REQSET_PLOT_HAS_IMPROVED_APOLLO_RESOURCE_NEXT_TO_HOLY_SITE', 'DB_REQ_NEXT_TO_HOLY_SITE') ;


--		Create belief
INSERT OR IGNORE INTO Types (Type, Kind) VALUES ('OP_APOLLO', 'KIND_BELIEF') ; 
INSERT OR IGNORE INTO Beliefs (BeliefType, Name, Description, BeliefClassType) VALUES ('OP_APOLLO', 'LOC_OP_APOLLO', 'LOC_OP_APOLLO_DESCRIPTION', 'BELIEF_CLASS_PANTHEON') ;

--		PRODUCTION on improved resources
INSERT OR IGNORE INTO BeliefModifiers (BeliefType, ModifierID) VALUES ('OP_APOLLO', 'OP_APOLLO_CITY_ADDS_PRODUCTION_MODIFIER') ;
INSERT OR IGNORE INTO Modifiers (ModifierId, ModifierType, SubjectRequirementSetId) VALUES ('OP_APOLLO_CITY_ADDS_PRODUCTION_MODIFIER', 'MODIFIER_ALL_CITIES_ATTACH_MODIFIER', 'CITY_FOLLOWS_PANTHEON_REQUIREMENTS') ;
INSERT OR IGNORE INTO ModifierArguments (ModifierId, Name, Value) VALUES ('OP_APOLLO_CITY_ADDS_PRODUCTION_MODIFIER', 'ModifierId', 'OP_APOLLO_PRODUCTION_ON_IMPROVED_RESOURCES') ;
INSERT OR IGNORE INTO Modifiers (ModifierId, ModifierType, SubjectRequirementSetId) VALUES ('OP_APOLLO_PRODUCTION_ON_IMPROVED_RESOURCES', 'MODIFIER_CITY_PLOT_YIELDS_ADJUST_PLOT_YIELD', 'OP_REQSET_PLOT_HAS_IMPROVED_APOLLO_RESOURCE') ;
INSERT OR IGNORE INTO ModifierArguments (ModifierId, Name, Value) VALUES
('OP_APOLLO_PRODUCTION_ON_IMPROVED_RESOURCES', 'YieldType', 'YIELD_PRODUCTION'),
('OP_APOLLO_PRODUCTION_ON_IMPROVED_RESOURCES', 'Amount', 1) ;

--		CULTURE on improved resources
INSERT OR IGNORE INTO BeliefModifiers (BeliefType, ModifierID) VALUES ('OP_APOLLO', 'OP_APOLLO_CITY_ADDS_CULTURE_MODIFIER') ;
INSERT OR IGNORE INTO Modifiers (ModifierId, ModifierType, SubjectRequirementSetId) VALUES ('OP_APOLLO_CITY_ADDS_CULTURE_MODIFIER', 'MODIFIER_ALL_CITIES_ATTACH_MODIFIER', 'CITY_FOLLOWS_PANTHEON_REQUIREMENTS') ;
INSERT OR IGNORE INTO ModifierArguments (ModifierId, Name, Value) VALUES ('OP_APOLLO_CITY_ADDS_CULTURE_MODIFIER', 'ModifierId', 'OP_APOLLO_CULTURE_ON_IMPROVED_RESOURCES') ;
INSERT OR IGNORE INTO Modifiers (ModifierId, ModifierType, SubjectRequirementSetId) VALUES ('OP_APOLLO_CULTURE_ON_IMPROVED_RESOURCES', 'MODIFIER_CITY_PLOT_YIELDS_ADJUST_PLOT_YIELD', 'OP_REQSET_PLOT_HAS_IMPROVED_APOLLO_RESOURCE') ;
INSERT OR IGNORE INTO ModifierArguments (ModifierId, Name, Value) VALUES
('OP_APOLLO_CULTURE_ON_IMPROVED_RESOURCES', 'YieldType', 'YIELD_CULTURE'),
('OP_APOLLO_CULTURE_ON_IMPROVED_RESOURCES', 'Amount', 2) ;


--		Reverse Holy Site Adjacency  //  FAITH on improved resources adjacent to Holy Site
INSERT OR IGNORE INTO BeliefModifiers (BeliefType, ModifierID) VALUES ('OP_APOLLO', 'OP_APOLLO_CITY_ADDS_REVERSE_ADJACENCY_FAITH_MODIFIER') ;
INSERT OR IGNORE INTO Modifiers (ModifierId, ModifierType, SubjectRequirementSetId) VALUES ('OP_APOLLO_CITY_ADDS_REVERSE_ADJACENCY_FAITH_MODIFIER', 'MODIFIER_ALL_CITIES_ATTACH_MODIFIER', 'CITY_FOLLOWS_PANTHEON_REQUIREMENTS') ;
INSERT OR IGNORE INTO ModifierArguments (ModifierId, Name, Value) VALUES ('OP_APOLLO_CITY_ADDS_REVERSE_ADJACENCY_FAITH_MODIFIER', 'ModifierId', 'OP_APOLLO_FAITH_ON_IMPROVED_RESOURCES_NEXT_TO_HOLY_SITE') ;
INSERT OR IGNORE INTO Modifiers (ModifierId, ModifierType, SubjectRequirementSetId) VALUES 
('OP_APOLLO_FAITH_ON_IMPROVED_RESOURCES_NEXT_TO_HOLY_SITE', 'MODIFIER_CITY_PLOT_YIELDS_ADJUST_PLOT_YIELD', 'OP_REQSET_PLOT_HAS_IMPROVED_APOLLO_RESOURCE_NEXT_TO_HOLY_SITE') ;
INSERT OR IGNORE INTO ModifierArguments (ModifierId, Name, Value) VALUES 
('OP_APOLLO_FAITH_ON_IMPROVED_RESOURCES_NEXT_TO_HOLY_SITE', 'YieldType', 'YIELD_FAITH'),
('OP_APOLLO_FAITH_ON_IMPROVED_RESOURCES_NEXT_TO_HOLY_SITE', 'Amount', 5) ;


--		5 FAITH on Oracle
INSERT OR IGNORE INTO BeliefModifiers (BeliefType, ModifierID) VALUES ('OP_APOLLO', 'OP_APOLLO_CITY_ADDS_ORACLE_MODIFIER') ;
INSERT OR IGNORE INTO Modifiers (ModifierId, ModifierType, SubjectRequirementSetId) VALUES ('OP_APOLLO_CITY_ADDS_ORACLE_MODIFIER', 'MODIFIER_ALL_CITIES_ATTACH_MODIFIER', 'CITY_FOLLOWS_PANTHEON_REQUIREMENTS') ;
INSERT OR IGNORE INTO ModifierArguments (ModifierId, Name, Value) VALUES ('OP_APOLLO_CITY_ADDS_ORACLE_MODIFIER', 'ModifierId', 'OP_APOLLO_FAITH_ON_ORACLE') ;
INSERT OR IGNORE INTO Modifiers (ModifierId, ModifierType) VALUES ('OP_APOLLO_FAITH_ON_ORACLE', 'MODIFIER_BUILDING_YIELD_CHANGE') ;
INSERT OR IGNORE INTO ModifierArguments (ModifierId, Name, Value) VALUES 
('OP_APOLLO_FAITH_ON_ORACLE', 'BuildingType', 'BUILDING_ORACLE'),
('OP_APOLLO_FAITH_ON_ORACLE', 'YieldType', 'YIELD_FAITH'),
('OP_APOLLO_FAITH_ON_ORACLE', 'Amount', 5) ;

-- ------------------------------------
--  Ares
-- ------------------------------------

INSERT OR IGNORE INTO Types (Type, Kind) VALUES ('OP_ARES', 'KIND_BELIEF') ;
INSERT OR IGNORE INTO Beliefs (BeliefType, Name, Description, BeliefClassType) VALUES ('OP_ARES', 'LOC_OP_ARES', 'LOC_OP_ARES_DESCRIPTION', 'BELIEF_CLASS_PANTHEON') ;

INSERT OR IGNORE INTO Types (Type, Kind) VALUES ('OP_ABILITY_ARES_FOREIGN_STRENGTH', 'KIND_ABILITY') ; 
INSERT OR IGNORE INTO TypeTags (Type, Tag) VALUES ('OP_ABILITY_ARES_FOREIGN_STRENGTH', 'DB_CLASS_LAND_COMBAT') ; 
INSERT OR IGNORE INTO UnitAbilities (UnitAbilityType, Name, Description, Inactive) VALUES ('OP_ABILITY_ARES_FOREIGN_STRENGTH', 'LOC_OP_ABILITY_ARES_FOREIGN_STRENGTH_NAME', 'LOC_OP_ABILITY_ARES_FOREIGN_STRENGTH_DESCRIPTION', 1) ;
INSERT OR IGNORE INTO UnitAbilityModifiers (UnitAbilityType, ModifierId) VALUES ('OP_ABILITY_ARES_FOREIGN_STRENGTH', 'OP_ARES_FOREIGN_STRENGTH_COMBAT') ;
INSERT OR IGNORE INTO Modifiers (ModifierId, ModifierType, SubjectRequirementSetId) VALUES ('OP_ARES_FOREIGN_STRENGTH_COMBAT', 'MODIFIER_UNIT_ADJUST_COMBAT_STRENGTH', 'DB_REQSET_ATTACKING_INSIDE_FOREIGN_TERRITORY') ;
INSERT OR IGNORE INTO ModifierArguments (ModifierId, Name, Value) VALUES ('OP_ARES_FOREIGN_STRENGTH_COMBAT', 'Amount', 6) ;
INSERT OR IGNORE INTO ModifierStrings (ModifierId, Context, Text) VALUES ('OP_ARES_FOREIGN_STRENGTH_COMBAT', 'Preview', 'LOC_OP_ARES_FOREIGN_STRENGTH_COMBAT_DESCRIPTION') ;

INSERT OR IGNORE INTO Types (Type, Kind) VALUES ('OP_ABILITY_ARES_FAITH_ON_KILL', 'KIND_ABILITY') ; 
INSERT OR IGNORE INTO TypeTags (Type, Tag) VALUES ('OP_ABILITY_ARES_FAITH_ON_KILL', 'DB_CLASS_LAND_COMBAT') ; 
INSERT OR IGNORE INTO UnitAbilities (UnitAbilityType, Name, Description, Inactive) VALUES ('OP_ABILITY_ARES_FAITH_ON_KILL', 'LOC_OP_ABILITY_ARES_FAITH_ON_KILL_NAME', 'LOC_OP_ABILITY_ARES_FAITH_ON_KILL_DESCRIPTION', 1) ;
INSERT OR IGNORE INTO UnitAbilityModifiers (UnitAbilityType, ModifierId) VALUES ('OP_ABILITY_ARES_FAITH_ON_KILL', 'OP_ARES_FAITH_ON_KILL_COMBAT') ;
INSERT OR IGNORE INTO Modifiers (ModifierId, ModifierType, SubjectRequirementSetId) VALUES ('OP_ARES_FAITH_ON_KILL_COMBAT', 'MODIFIER_UNIT_ADJUST_POST_COMBAT_YIELD', 'DB_REQSET_INSIDE_FOREIGN_TERRITORY') ;
INSERT OR IGNORE INTO ModifierArguments (ModifierId, Name, Value) VALUES ('OP_ARES_FAITH_ON_KILL_COMBAT', 'PercentDefeatedStrength', 100),
																		 ('OP_ARES_FAITH_ON_KILL_COMBAT', 'YieldType', 'YIELD_FAITH') ;

INSERT OR IGNORE INTO BeliefModifiers (BeliefType, ModifierID) VALUES ('OP_ARES', 'OP_ARES_FOREIGN_STRENGTH_PLAYERS_ATTACH_MODIFIER') ;
INSERT OR IGNORE INTO Modifiers (ModifierId, ModifierType, SubjectRequirementSetId) VALUES ('OP_ARES_FOREIGN_STRENGTH_PLAYERS_ATTACH_MODIFIER', 'MODIFIER_ALL_PLAYERS_ATTACH_MODIFIER', 'PLAYER_HAS_PANTHEON_REQUIREMENTS') ;
INSERT OR IGNORE INTO ModifierArguments (ModifierId, Name, Value) VALUES ('OP_ARES_FOREIGN_STRENGTH_PLAYERS_ATTACH_MODIFIER', 'ModifierId', 'OP_ARES_FOREIGN_STRENGTH_GRANT_ABILITY_TO_UNITS') ;
INSERT OR IGNORE INTO Modifiers (ModifierId, ModifierType) VALUES ('OP_ARES_FOREIGN_STRENGTH_GRANT_ABILITY_TO_UNITS', 'MODIFIER_PLAYER_UNITS_GRANT_ABILITY') ;
INSERT OR IGNORE INTO ModifierArguments (ModifierId, Name, Value) VALUES ('OP_ARES_FOREIGN_STRENGTH_GRANT_ABILITY_TO_UNITS', 'AbilityType', 'OP_ABILITY_ARES_FOREIGN_STRENGTH') ;

/*
INSERT OR IGNORE INTO Requirements (RequirementId, RequirementType, ProgressWeight) VALUES ('OP_REQ_UNIT_HAS_ARES_FOREIGN_STRENGTH', 'REQUIREMENT_UNIT_HAS_ABILITY', 1) ;
INSERT OR IGNORE INTO RequirementArguments (RequirementId, Name, Value) VALUES ('OP_REQ_UNIT_HAS_ARES_FOREIGN_STRENGTH', 'UnitAbilityType', 'OP_ABILITY_ARES_FOREIGN_STRENGTH') ;
INSERT OR IGNORE INTO RequirementSets (RequirementSetId, RequirementSetType) VALUES ('OP_REQSET_UNIT_HAS_ARES_FOREIGN_STRENGTH', 'REQUIREMENTSET_TEST_ALL') ;
INSERT OR IGNORE INTO RequirementSetRequirements (RequirementSetId, RequirementId) VALUES ('OP_REQSET_UNIT_HAS_ARES_FOREIGN_STRENGTH', 'OP_REQ_UNIT_HAS_ARES_FOREIGN_STRENGTH') ;

INSERT OR IGNORE INTO BeliefModifiers (BeliefType, ModifierID) VALUES ('OP_ARES', 'OP_ARES_FOREIGN_STRENGTH_UNIT_APPLIES_MODIFIER') ; 
INSERT OR IGNORE INTO Modifiers (ModifierId, ModifierType, SubjectRequirementSetId) VALUES ('OP_ARES_FOREIGN_STRENGTH_UNIT_APPLIES_MODIFIER', 'MODIFIER_ALL_UNITS_ATTACH_MODIFIER', 'OP_REQSET_UNIT_HAS_ARES_FOREIGN_STRENGTH') ;
INSERT OR IGNORE INTO ModifierArguments (ModifierId, Name, Value) VALUES ('OP_ARES_FOREIGN_STRENGTH_UNIT_APPLIES_MODIFIER', 'ModifierId', 'OP_ARES_FOREIGN_STRENGTH_COMBAT') ;


INSERT OR IGNORE INTO Types (Type, Kind) VALUES ('OP_ABILITY_ARES_FAITH_ON_KILL', 'KIND_ABILITY') ; 
INSERT OR IGNORE INTO TypeTags (Type, Tag) VALUES ('OP_ABILITY_ARES_FAITH_ON_KILL', 'DB_CLASS_LAND_COMBAT') ; 
INSERT OR IGNORE INTO UnitAbilities (UnitAbilityType, Name, Description, Inactive) VALUES ('OP_ABILITY_ARES_FAITH_ON_KILL', 'LOC_OP_ABILITY_ARES_FAITH_ON_KILL_NAME', 'LOC_OP_ABILITY_ARES_FAITH_ON_KILL_DESCRIPTION', 1) ;
*/

INSERT OR IGNORE INTO BeliefModifiers (BeliefType, ModifierID) VALUES ('OP_ARES', 'OP_ARES_FAITH_ON_KILL_PLAYERS_ATTACH_MODIFIER') ;
INSERT OR IGNORE INTO Modifiers (ModifierId, ModifierType, SubjectRequirementSetId) VALUES ('OP_ARES_FAITH_ON_KILL_PLAYERS_ATTACH_MODIFIER', 'MODIFIER_ALL_PLAYERS_ATTACH_MODIFIER', 'PLAYER_HAS_PANTHEON_REQUIREMENTS') ;
INSERT OR IGNORE INTO ModifierArguments (ModifierId, Name, Value) VALUES ('OP_ARES_FAITH_ON_KILL_PLAYERS_ATTACH_MODIFIER', 'ModifierId', 'OP_ARES_FAITH_ON_KILL_GRANT_ABILITY_TO_UNITS') ;
INSERT OR IGNORE INTO Modifiers (ModifierId, ModifierType) VALUES ('OP_ARES_FAITH_ON_KILL_GRANT_ABILITY_TO_UNITS', 'MODIFIER_PLAYER_UNITS_GRANT_ABILITY') ;
INSERT OR IGNORE INTO ModifierArguments (ModifierId, Name, Value) VALUES ('OP_ARES_FAITH_ON_KILL_GRANT_ABILITY_TO_UNITS', 'AbilityType', 'OP_ABILITY_ARES_FAITH_ON_KILL') ;

/*
INSERT OR IGNORE INTO Requirements (RequirementId, RequirementType, ProgressWeight) VALUES ('OP_REQ_UNIT_HAS_ARES_FAITH_ON_KILL', 'REQUIREMENT_UNIT_HAS_ABILITY', 1) ;
INSERT OR IGNORE INTO RequirementArguments (RequirementId, Name, Value) VALUES ('OP_REQ_UNIT_HAS_ARES_FAITH_ON_KILL', 'UnitAbilityType', 'OP_ABILITY_ARES_FAITH_ON_KILL') ;
INSERT OR IGNORE INTO RequirementSets (RequirementSetId, RequirementSetType) VALUES ('OP_REQSET_UNIT_HAS_ARES_FAITH_ON_KILL', 'REQUIREMENTSET_TEST_ALL') ;
INSERT OR IGNORE INTO RequirementSetRequirements (RequirementSetId, RequirementId) VALUES ('OP_REQSET_UNIT_HAS_ARES_FAITH_ON_KILL', 'OP_REQ_UNIT_HAS_ARES_FAITH_ON_KILL') ;

INSERT OR IGNORE INTO BeliefModifiers (BeliefType, ModifierID) VALUES ('OP_ARES', 'OP_ARES_FAITH_ON_KILL_UNIT_APPLIES_MODIFIER') ; 
INSERT OR IGNORE INTO Modifiers (ModifierId, ModifierType, SubjectRequirementSetId) VALUES ('OP_ARES_FAITH_ON_KILL_UNIT_APPLIES_MODIFIER', 'MODIFIER_ALL_UNITS_ATTACH_MODIFIER', 'OP_REQSET_UNIT_HAS_ARES_FAITH_ON_KILL') ;
INSERT OR IGNORE INTO ModifierArguments (ModifierId, Name, Value) VALUES ('OP_ARES_FAITH_ON_KILL_UNIT_APPLIES_MODIFIER', 'ModifierId', 'OP_ARES_FAITH_ON_KILL_COMBAT') ;
*/

INSERT OR IGNORE INTO BeliefModifiers (BeliefType, ModifierID) VALUES ('OP_ARES', 'OP_ARES_NO_WAR_WEARINESS') ;
INSERT OR IGNORE INTO Modifiers (ModifierId, ModifierType) VALUES ('OP_ARES_NO_WAR_WEARINESS', 'MODIFIER_PLAYER_ADJUST_WAR_WEARINESS') ;
INSERT OR IGNORE INTO ModifierArguments (ModifierId, Name, Value) VALUES ('OP_ARES_NO_WAR_WEARINESS', 'Amount', -100),
																		 ('OP_ARES_NO_WAR_WEARINESS', 'Overall', 1) ;


INSERT OR IGNORE INTO BeliefModifiers (BeliefType, ModifierID) VALUES
                            ('OP_ARES', 'OP_ARES_HOLY_SITE_FAITH_CITY_APPLIES_MODIFIER') ;
INSERT OR IGNORE INTO Modifiers (ModifierId, ModifierType, SubjectRequirementSetId) VALUES 
                      ('OP_ARES_HOLY_SITE_FAITH_CITY_APPLIES_MODIFIER', 'MODIFIER_ALL_CITIES_ATTACH_MODIFIER', 'CITY_FOLLOWS_PANTHEON_REQUIREMENTS') ;
INSERT OR IGNORE INTO ModifierArguments (ModifierId, Name, Value) VALUES 
							  ('OP_ARES_HOLY_SITE_FAITH_CITY_APPLIES_MODIFIER', 'ModifierId', 'OP_ARES_HOLY_SITE_ADJACENT_TO_ENCAMPMENT') ;

INSERT OR IGNORE INTO Modifiers (ModifierId, ModifierType, SubjectRequirementSetId) VALUES 
                      ('OP_ARES_HOLY_SITE_ADJACENT_TO_ENCAMPMENT', 'DB_DM_ADJUST_DISTRICT_YIELD', 'DB_REQSET_IS_HOLY_SITE_NEXT_TO_ENCAMPMENT') ;
INSERT OR IGNORE INTO ModifierArguments (ModifierId, Name, Value) VALUES 
							  ('OP_ARES_HOLY_SITE_ADJACENT_TO_ENCAMPMENT', 'Amount', 10),
							  ('OP_ARES_HOLY_SITE_ADJACENT_TO_ENCAMPMENT', 'YieldType', 'YIELD_FAITH') ;
					  

-- ------------------------------------
--  Artemis
-- ------------------------------------
INSERT OR IGNORE INTO Tags (Tag, Vocabulary) VALUES ('OP_CLASS_ARTEMIS_RESOURCES', 'RESOURCE_CLASS') ;
INSERT OR IGNORE INTO TypeTags (Type, Tag) VALUES 
('RESOURCE_DEER',		'OP_CLASS_ARTEMIS_RESOURCES'),
('RESOURCE_FURS',		'OP_CLASS_ARTEMIS_RESOURCES'),
('RESOURCE_IVORY',		'OP_CLASS_ARTEMIS_RESOURCES') ;

--		Set up plot test requirements
INSERT OR IGNORE INTO Requirements (RequirementId, RequirementType) VALUES ('OP_REQ_PLOT_HAS_ARTEMIS_RESOURCE', 'REQUIREMENT_PLOT_RESOURCE_TAG_MATCHES') ;
INSERT OR IGNORE INTO RequirementArguments (RequirementId, Name, Value) VALUES ('OP_REQ_PLOT_HAS_ARTEMIS_RESOURCE', 'Tag', 'OP_CLASS_ARTEMIS_RESOURCES') ;
INSERT OR IGNORE INTO RequirementSets (RequirementSetId, RequirementSetType) VALUES ('OP_REQSET_PLOT_HAS_IMPROVED_ARTEMIS_RESOURCE', 'REQUIREMENTSET_TEST_ALL') ;
INSERT OR IGNORE INTO RequirementSetRequirements (RequirementSetId, RequirementId) VALUES
('OP_REQSET_PLOT_HAS_IMPROVED_ARTEMIS_RESOURCE', 'DB_REQ_HAS_STANDARD_RESOURCE_IMPROVEMENT_OR_INDUSTRY_OR_CORPORATION'),
('OP_REQSET_PLOT_HAS_IMPROVED_ARTEMIS_RESOURCE', 'OP_REQ_PLOT_HAS_ARTEMIS_RESOURCE') ;
INSERT OR IGNORE INTO Requirements (RequirementId, RequirementType) VALUES ('OP_REQ_PLOT_HAS_IMPROVED_ARTEMIS_RESOURCE', 'REQUIREMENT_REQUIREMENTSET_IS_MET') ;
INSERT OR IGNORE INTO RequirementArguments (RequirementId, Name, Value) VALUES ('OP_REQ_PLOT_HAS_IMPROVED_ARTEMIS_RESOURCE', 'RequirementSetId', 'OP_REQSET_PLOT_HAS_IMPROVED_ARTEMIS_RESOURCE') ;

--		Set up adjacency test requirements
INSERT OR IGNORE INTO RequirementSets (RequirementSetId, RequirementSetType) VALUES ('OP_REQSET_PLOT_HAS_IMPROVED_ARTEMIS_RESOURCE_NEXT_TO_HOLY_SITE', 'REQUIREMENTSET_TEST_ALL') ;
INSERT OR IGNORE INTO RequirementSetRequirements (RequirementSetId, RequirementId) VALUES 
('OP_REQSET_PLOT_HAS_IMPROVED_ARTEMIS_RESOURCE_NEXT_TO_HOLY_SITE', 'OP_REQ_PLOT_HAS_IMPROVED_ARTEMIS_RESOURCE'),
('OP_REQSET_PLOT_HAS_IMPROVED_ARTEMIS_RESOURCE_NEXT_TO_HOLY_SITE', 'DB_REQ_NEXT_TO_HOLY_SITE') ;


--		Create belief
INSERT OR IGNORE INTO Types (Type, Kind) VALUES ('OP_ARTEMIS', 'KIND_BELIEF') ; 
INSERT OR IGNORE INTO Beliefs (BeliefType, Name, Description, BeliefClassType) VALUES ('OP_ARTEMIS', 'LOC_OP_ARTEMIS', 'LOC_OP_ARTEMIS_DESCRIPTION', 'BELIEF_CLASS_PANTHEON') ;

--		FOOD on improved resources
INSERT OR IGNORE INTO BeliefModifiers (BeliefType, ModifierID) VALUES ('OP_ARTEMIS', 'OP_ARTEMIS_CITY_ADDS_FOOD_MODIFIER') ;
INSERT OR IGNORE INTO Modifiers (ModifierId, ModifierType, SubjectRequirementSetId) VALUES ('OP_ARTEMIS_CITY_ADDS_FOOD_MODIFIER', 'MODIFIER_ALL_CITIES_ATTACH_MODIFIER', 'CITY_FOLLOWS_PANTHEON_REQUIREMENTS') ;
INSERT OR IGNORE INTO ModifierArguments (ModifierId, Name, Value) VALUES ('OP_ARTEMIS_CITY_ADDS_FOOD_MODIFIER', 'ModifierId', 'OP_ARTEMIS_FOOD_ON_IMPROVED_RESOURCES') ;
INSERT OR IGNORE INTO Modifiers (ModifierId, ModifierType, SubjectRequirementSetId) VALUES ('OP_ARTEMIS_FOOD_ON_IMPROVED_RESOURCES', 'MODIFIER_CITY_PLOT_YIELDS_ADJUST_PLOT_YIELD', 'OP_REQSET_PLOT_HAS_IMPROVED_ARTEMIS_RESOURCE') ;
INSERT OR IGNORE INTO ModifierArguments (ModifierId, Name, Value) VALUES
('OP_ARTEMIS_FOOD_ON_IMPROVED_RESOURCES', 'YieldType', 'YIELD_FOOD'),
('OP_ARTEMIS_FOOD_ON_IMPROVED_RESOURCES', 'Amount', 4) ;

--		PRODUCTION on improved resources
INSERT OR IGNORE INTO BeliefModifiers (BeliefType, ModifierID) VALUES ('OP_ARTEMIS', 'OP_ARTEMIS_CITY_ADDS_PRODUCTION_MODIFIER') ;
INSERT OR IGNORE INTO Modifiers (ModifierId, ModifierType, SubjectRequirementSetId) VALUES ('OP_ARTEMIS_CITY_ADDS_PRODUCTION_MODIFIER', 'MODIFIER_ALL_CITIES_ATTACH_MODIFIER', 'CITY_FOLLOWS_PANTHEON_REQUIREMENTS') ;
INSERT OR IGNORE INTO ModifierArguments (ModifierId, Name, Value) VALUES ('OP_ARTEMIS_CITY_ADDS_PRODUCTION_MODIFIER', 'ModifierId', 'OP_ARTEMIS_PRODUCTION_ON_IMPROVED_RESOURCES') ;
INSERT OR IGNORE INTO Modifiers (ModifierId, ModifierType, SubjectRequirementSetId) VALUES ('OP_ARTEMIS_PRODUCTION_ON_IMPROVED_RESOURCES', 'MODIFIER_CITY_PLOT_YIELDS_ADJUST_PLOT_YIELD', 'OP_REQSET_PLOT_HAS_IMPROVED_ARTEMIS_RESOURCE') ;
INSERT OR IGNORE INTO ModifierArguments (ModifierId, Name, Value) VALUES
('OP_ARTEMIS_PRODUCTION_ON_IMPROVED_RESOURCES', 'YieldType', 'YIELD_PRODUCTION'),
('OP_ARTEMIS_PRODUCTION_ON_IMPROVED_RESOURCES', 'Amount', 2) ;

--		GOLD on improved resources
INSERT OR IGNORE INTO BeliefModifiers (BeliefType, ModifierID) VALUES ('OP_ARTEMIS', 'OP_ARTEMIS_CITY_ADDS_GOLD_MODIFIER') ;
INSERT OR IGNORE INTO Modifiers (ModifierId, ModifierType, SubjectRequirementSetId) VALUES ('OP_ARTEMIS_CITY_ADDS_GOLD_MODIFIER', 'MODIFIER_ALL_CITIES_ATTACH_MODIFIER', 'CITY_FOLLOWS_PANTHEON_REQUIREMENTS') ;
INSERT OR IGNORE INTO ModifierArguments (ModifierId, Name, Value) VALUES ('OP_ARTEMIS_CITY_ADDS_GOLD_MODIFIER', 'ModifierId', 'OP_ARTEMIS_GOLD_ON_IMPROVED_RESOURCES') ;
INSERT OR IGNORE INTO Modifiers (ModifierId, ModifierType, SubjectRequirementSetId) VALUES ('OP_ARTEMIS_GOLD_ON_IMPROVED_RESOURCES', 'MODIFIER_CITY_PLOT_YIELDS_ADJUST_PLOT_YIELD', 'OP_REQSET_PLOT_HAS_IMPROVED_ARTEMIS_RESOURCE') ;
INSERT OR IGNORE INTO ModifierArguments (ModifierId, Name, Value) VALUES
('OP_ARTEMIS_GOLD_ON_IMPROVED_RESOURCES', 'YieldType', 'YIELD_GOLD'),
('OP_ARTEMIS_GOLD_ON_IMPROVED_RESOURCES', 'Amount', 3) ;


--		Reverse Holy Site Adjacency  //  FAITH on improved resources adjacent to Holy Site
INSERT OR IGNORE INTO BeliefModifiers (BeliefType, ModifierID) VALUES ('OP_ARTEMIS', 'OP_ARTEMIS_CITY_ADDS_REVERSE_ADJACENCY_FAITH_MODIFIER') ;
INSERT OR IGNORE INTO Modifiers (ModifierId, ModifierType, SubjectRequirementSetId) VALUES ('OP_ARTEMIS_CITY_ADDS_REVERSE_ADJACENCY_FAITH_MODIFIER', 'MODIFIER_ALL_CITIES_ATTACH_MODIFIER', 'CITY_FOLLOWS_PANTHEON_REQUIREMENTS') ;
INSERT OR IGNORE INTO ModifierArguments (ModifierId, Name, Value) VALUES ('OP_ARTEMIS_CITY_ADDS_REVERSE_ADJACENCY_FAITH_MODIFIER', 'ModifierId', 'OP_ARTEMIS_FAITH_ON_IMPROVED_RESOURCES_NEXT_TO_HOLY_SITE') ;
INSERT OR IGNORE INTO Modifiers (ModifierId, ModifierType, SubjectRequirementSetId) VALUES 
('OP_ARTEMIS_FAITH_ON_IMPROVED_RESOURCES_NEXT_TO_HOLY_SITE', 'MODIFIER_CITY_PLOT_YIELDS_ADJUST_PLOT_YIELD', 'OP_REQSET_PLOT_HAS_IMPROVED_ARTEMIS_RESOURCE_NEXT_TO_HOLY_SITE') ;
INSERT OR IGNORE INTO ModifierArguments (ModifierId, Name, Value) VALUES 
('OP_ARTEMIS_FAITH_ON_IMPROVED_RESOURCES_NEXT_TO_HOLY_SITE', 'YieldType', 'YIELD_FAITH'),
('OP_ARTEMIS_FAITH_ON_IMPROVED_RESOURCES_NEXT_TO_HOLY_SITE', 'Amount', 5) ;


--		5 FAITH on Temple of Artemis
INSERT OR IGNORE INTO BeliefModifiers (BeliefType, ModifierID) VALUES ('OP_ARTEMIS', 'OP_ARTEMIS_CITY_ADDS_TEMPLE_ARTEMIS_MODIFIER') ;
INSERT OR IGNORE INTO Modifiers (ModifierId, ModifierType, SubjectRequirementSetId) VALUES ('OP_ARTEMIS_CITY_ADDS_TEMPLE_ARTEMIS_MODIFIER', 'MODIFIER_ALL_CITIES_ATTACH_MODIFIER', 'CITY_FOLLOWS_PANTHEON_REQUIREMENTS') ;
INSERT OR IGNORE INTO ModifierArguments (ModifierId, Name, Value) VALUES ('OP_ARTEMIS_CITY_ADDS_TEMPLE_ARTEMIS_MODIFIER', 'ModifierId', 'OP_ARTEMIS_FAITH_ON_TEMPLE_ARTEMIS') ;
INSERT OR IGNORE INTO Modifiers (ModifierId, ModifierType) VALUES ('OP_ARTEMIS_FAITH_ON_TEMPLE_ARTEMIS', 'MODIFIER_BUILDING_YIELD_CHANGE') ;
INSERT OR IGNORE INTO ModifierArguments (ModifierId, Name, Value) VALUES 
('OP_ARTEMIS_FAITH_ON_TEMPLE_ARTEMIS', 'BuildingType', 'BUILDING_TEMPLE_ARTEMIS'),
('OP_ARTEMIS_FAITH_ON_TEMPLE_ARTEMIS', 'YieldType', 'YIELD_FAITH'),
('OP_ARTEMIS_FAITH_ON_TEMPLE_ARTEMIS', 'Amount', 5) ;


-- ------------------------------------
--  Athena
-- ------------------------------------
-- Define which resources apply
-- ATHENA: RESOURCE_COTTON, RESOURCE_DYES, RESOURCE_OLIVES, RESOURCE_SILK
INSERT OR IGNORE INTO Tags (Tag, Vocabulary) VALUES ('OP_CLASS_ATHENA_RESOURCES', 'RESOURCE_CLASS') ;
INSERT OR IGNORE INTO TypeTags (Type, Tag) VALUES 
('RESOURCE_COTTON',		'OP_CLASS_ATHENA_RESOURCES'),
('RESOURCE_DYES',		'OP_CLASS_ATHENA_RESOURCES'),
('RESOURCE_OLIVES',		'OP_CLASS_ATHENA_RESOURCES'),
('RESOURCE_SILK',		'OP_CLASS_ATHENA_RESOURCES') ;

--		Set up plot test requirements
INSERT OR IGNORE INTO Requirements (RequirementId, RequirementType) VALUES ('OP_REQ_PLOT_HAS_ATHENA_RESOURCE', 'REQUIREMENT_PLOT_RESOURCE_TAG_MATCHES') ;
INSERT OR IGNORE INTO RequirementArguments (RequirementId, Name, Value) VALUES ('OP_REQ_PLOT_HAS_ATHENA_RESOURCE', 'Tag', 'OP_CLASS_ATHENA_RESOURCES') ;
INSERT OR IGNORE INTO RequirementSets (RequirementSetId, RequirementSetType) VALUES ('OP_REQSET_PLOT_HAS_IMPROVED_ATHENA_RESOURCE', 'REQUIREMENTSET_TEST_ALL') ;
INSERT OR IGNORE INTO RequirementSetRequirements (RequirementSetId, RequirementId) VALUES
('OP_REQSET_PLOT_HAS_IMPROVED_ATHENA_RESOURCE', 'DB_REQ_HAS_STANDARD_RESOURCE_IMPROVEMENT_OR_INDUSTRY_OR_CORPORATION'),
('OP_REQSET_PLOT_HAS_IMPROVED_ATHENA_RESOURCE', 'OP_REQ_PLOT_HAS_ATHENA_RESOURCE') ;
INSERT OR IGNORE INTO Requirements (RequirementId, RequirementType) VALUES ('OP_REQ_PLOT_HAS_IMPROVED_ATHENA_RESOURCE', 'REQUIREMENT_REQUIREMENTSET_IS_MET') ;
INSERT OR IGNORE INTO RequirementArguments (RequirementId, Name, Value) VALUES ('OP_REQ_PLOT_HAS_IMPROVED_ATHENA_RESOURCE', 'RequirementSetId', 'OP_REQSET_PLOT_HAS_IMPROVED_ATHENA_RESOURCE') ;

--		Set up adjacency test requirements
INSERT OR IGNORE INTO RequirementSets (RequirementSetId, RequirementSetType) VALUES ('OP_REQSET_PLOT_HAS_IMPROVED_ATHENA_RESOURCE_NEXT_TO_HOLY_SITE', 'REQUIREMENTSET_TEST_ALL') ;
INSERT OR IGNORE INTO RequirementSetRequirements (RequirementSetId, RequirementId) VALUES 
('OP_REQSET_PLOT_HAS_IMPROVED_ATHENA_RESOURCE_NEXT_TO_HOLY_SITE', 'OP_REQ_PLOT_HAS_IMPROVED_ATHENA_RESOURCE'),
('OP_REQSET_PLOT_HAS_IMPROVED_ATHENA_RESOURCE_NEXT_TO_HOLY_SITE', 'DB_REQ_NEXT_TO_HOLY_SITE') ;


--		Create belief
INSERT OR IGNORE INTO Types (Type, Kind) VALUES ('OP_ATHENA', 'KIND_BELIEF') ; 
INSERT OR IGNORE INTO Beliefs (BeliefType, Name, Description, BeliefClassType) VALUES ('OP_ATHENA', 'LOC_OP_ATHENA', 'LOC_OP_ATHENA_DESCRIPTION', 'BELIEF_CLASS_PANTHEON') ;

--		PRODUCTION on improved resources
INSERT OR IGNORE INTO BeliefModifiers (BeliefType, ModifierID) VALUES ('OP_ATHENA', 'OP_ATHENA_CITY_ADDS_PRODUCTION_MODIFIER') ;
INSERT OR IGNORE INTO Modifiers (ModifierId, ModifierType, SubjectRequirementSetId) VALUES ('OP_ATHENA_CITY_ADDS_PRODUCTION_MODIFIER', 'MODIFIER_ALL_CITIES_ATTACH_MODIFIER', 'CITY_FOLLOWS_PANTHEON_REQUIREMENTS') ;
INSERT OR IGNORE INTO ModifierArguments (ModifierId, Name, Value) VALUES ('OP_ATHENA_CITY_ADDS_PRODUCTION_MODIFIER', 'ModifierId', 'OP_ATHENA_PRODUCTION_ON_IMPROVED_RESOURCES') ;
INSERT OR IGNORE INTO Modifiers (ModifierId, ModifierType, SubjectRequirementSetId) VALUES ('OP_ATHENA_PRODUCTION_ON_IMPROVED_RESOURCES', 'MODIFIER_CITY_PLOT_YIELDS_ADJUST_PLOT_YIELD', 'OP_REQSET_PLOT_HAS_IMPROVED_ATHENA_RESOURCE') ;
INSERT OR IGNORE INTO ModifierArguments (ModifierId, Name, Value) VALUES
('OP_ATHENA_PRODUCTION_ON_IMPROVED_RESOURCES', 'YieldType', 'YIELD_PRODUCTION'),
('OP_ATHENA_PRODUCTION_ON_IMPROVED_RESOURCES', 'Amount', 2) ;

--		SCIENCE on improved resources
INSERT OR IGNORE INTO BeliefModifiers (BeliefType, ModifierID) VALUES ('OP_ATHENA', 'OP_ATHENA_CITY_ADDS_SCIENCE_MODIFIER') ;
INSERT OR IGNORE INTO Modifiers (ModifierId, ModifierType, SubjectRequirementSetId) VALUES ('OP_ATHENA_CITY_ADDS_SCIENCE_MODIFIER', 'MODIFIER_ALL_CITIES_ATTACH_MODIFIER', 'CITY_FOLLOWS_PANTHEON_REQUIREMENTS') ;
INSERT OR IGNORE INTO ModifierArguments (ModifierId, Name, Value) VALUES ('OP_ATHENA_CITY_ADDS_SCIENCE_MODIFIER', 'ModifierId', 'OP_ATHENA_SCIENCE_ON_IMPROVED_RESOURCES') ;
INSERT OR IGNORE INTO Modifiers (ModifierId, ModifierType, SubjectRequirementSetId) VALUES ('OP_ATHENA_SCIENCE_ON_IMPROVED_RESOURCES', 'MODIFIER_CITY_PLOT_YIELDS_ADJUST_PLOT_YIELD', 'OP_REQSET_PLOT_HAS_IMPROVED_ATHENA_RESOURCE') ;
INSERT OR IGNORE INTO ModifierArguments (ModifierId, Name, Value) VALUES
('OP_ATHENA_SCIENCE_ON_IMPROVED_RESOURCES', 'YieldType', 'YIELD_SCIENCE'),
('OP_ATHENA_SCIENCE_ON_IMPROVED_RESOURCES', 'Amount', 3) ;


--		Reverse Holy Site Adjacency  //  FAITH on improved resources adjacent to Holy Site
INSERT OR IGNORE INTO BeliefModifiers (BeliefType, ModifierID) VALUES ('OP_ATHENA', 'OP_ATHENA_CITY_ADDS_REVERSE_ADJACENCY_FAITH_MODIFIER') ;
INSERT OR IGNORE INTO Modifiers (ModifierId, ModifierType, SubjectRequirementSetId) VALUES ('OP_ATHENA_CITY_ADDS_REVERSE_ADJACENCY_FAITH_MODIFIER', 'MODIFIER_ALL_CITIES_ATTACH_MODIFIER', 'CITY_FOLLOWS_PANTHEON_REQUIREMENTS') ;
INSERT OR IGNORE INTO ModifierArguments (ModifierId, Name, Value) VALUES ('OP_ATHENA_CITY_ADDS_REVERSE_ADJACENCY_FAITH_MODIFIER', 'ModifierId', 'OP_ATHENA_FAITH_ON_IMPROVED_RESOURCES_NEXT_TO_HOLY_SITE') ;
INSERT OR IGNORE INTO Modifiers (ModifierId, ModifierType, SubjectRequirementSetId) VALUES 
('OP_ATHENA_FAITH_ON_IMPROVED_RESOURCES_NEXT_TO_HOLY_SITE', 'MODIFIER_CITY_PLOT_YIELDS_ADJUST_PLOT_YIELD', 'OP_REQSET_PLOT_HAS_IMPROVED_ATHENA_RESOURCE_NEXT_TO_HOLY_SITE') ;
INSERT OR IGNORE INTO ModifierArguments (ModifierId, Name, Value) VALUES 
('OP_ATHENA_FAITH_ON_IMPROVED_RESOURCES_NEXT_TO_HOLY_SITE', 'YieldType', 'YIELD_FAITH'),
('OP_ATHENA_FAITH_ON_IMPROVED_RESOURCES_NEXT_TO_HOLY_SITE', 'Amount', 5) ;


-- ------------------------------------
--  ATLAS
-- ------------------------------------
INSERT OR IGNORE INTO Tags (Tag, Vocabulary) VALUES ('OP_CLASS_ATLAS_RESOURCES', 'RESOURCE_CLASS') ;
INSERT OR IGNORE INTO TypeTags (Type, Tag) VALUES 
('RESOURCE_STONE',		'OP_CLASS_ATLAS_RESOURCES'),
('RESOURCE_GYPSUM',		'OP_CLASS_ATLAS_RESOURCES'),
('RESOURCE_MARBLE',		'OP_CLASS_ATLAS_RESOURCES'),
('RESOURCE_SALT',		'OP_CLASS_ATLAS_RESOURCES') ;

--		Set up plot test requirements
INSERT OR IGNORE INTO Requirements (RequirementId, RequirementType) VALUES ('OP_REQ_PLOT_HAS_ATLAS_RESOURCE', 'REQUIREMENT_PLOT_RESOURCE_TAG_MATCHES') ;
INSERT OR IGNORE INTO RequirementArguments (RequirementId, Name, Value) VALUES ('OP_REQ_PLOT_HAS_ATLAS_RESOURCE', 'Tag', 'OP_CLASS_ATLAS_RESOURCES') ;
INSERT OR IGNORE INTO RequirementSets (RequirementSetId, RequirementSetType) VALUES ('OP_REQSET_PLOT_HAS_IMPROVED_ATLAS_RESOURCE', 'REQUIREMENTSET_TEST_ALL') ;
INSERT OR IGNORE INTO RequirementSetRequirements (RequirementSetId, RequirementId) VALUES
('OP_REQSET_PLOT_HAS_IMPROVED_ATLAS_RESOURCE', 'DB_REQ_HAS_STANDARD_RESOURCE_IMPROVEMENT_OR_INDUSTRY_OR_CORPORATION'),
('OP_REQSET_PLOT_HAS_IMPROVED_ATLAS_RESOURCE', 'OP_REQ_PLOT_HAS_ATLAS_RESOURCE') ;
INSERT OR IGNORE INTO Requirements (RequirementId, RequirementType) VALUES ('OP_REQ_PLOT_HAS_IMPROVED_ATLAS_RESOURCE', 'REQUIREMENT_REQUIREMENTSET_IS_MET') ;
INSERT OR IGNORE INTO RequirementArguments (RequirementId, Name, Value) VALUES ('OP_REQ_PLOT_HAS_IMPROVED_ATLAS_RESOURCE', 'RequirementSetId', 'OP_REQSET_PLOT_HAS_IMPROVED_ATLAS_RESOURCE') ;

--		Set up adjacency test requirements
INSERT OR IGNORE INTO RequirementSets (RequirementSetId, RequirementSetType) VALUES ('OP_REQSET_PLOT_HAS_IMPROVED_ATLAS_RESOURCE_NEXT_TO_HOLY_SITE', 'REQUIREMENTSET_TEST_ALL') ;
INSERT OR IGNORE INTO RequirementSetRequirements (RequirementSetId, RequirementId) VALUES 
('OP_REQSET_PLOT_HAS_IMPROVED_ATLAS_RESOURCE_NEXT_TO_HOLY_SITE', 'OP_REQ_PLOT_HAS_IMPROVED_ATLAS_RESOURCE'),
('OP_REQSET_PLOT_HAS_IMPROVED_ATLAS_RESOURCE_NEXT_TO_HOLY_SITE', 'DB_REQ_NEXT_TO_HOLY_SITE') ;


--		Create belief
INSERT OR IGNORE INTO Types (Type, Kind) VALUES ('OP_ATLAS', 'KIND_BELIEF') ; 
INSERT OR IGNORE INTO Beliefs (BeliefType, Name, Description, BeliefClassType) VALUES ('OP_ATLAS', 'LOC_OP_ATLAS', 'LOC_OP_ATLAS_DESCRIPTION', 'BELIEF_CLASS_PANTHEON') ;

--		PRODUCTION on improved resources
INSERT OR IGNORE INTO BeliefModifiers (BeliefType, ModifierID) VALUES ('OP_ATLAS', 'OP_ATLAS_CITY_ADDS_PRODUCTION_MODIFIER') ;
INSERT OR IGNORE INTO Modifiers (ModifierId, ModifierType, SubjectRequirementSetId) VALUES ('OP_ATLAS_CITY_ADDS_PRODUCTION_MODIFIER', 'MODIFIER_ALL_CITIES_ATTACH_MODIFIER', 'CITY_FOLLOWS_PANTHEON_REQUIREMENTS') ;
INSERT OR IGNORE INTO ModifierArguments (ModifierId, Name, Value) VALUES ('OP_ATLAS_CITY_ADDS_PRODUCTION_MODIFIER', 'ModifierId', 'OP_ATLAS_PRODUCTION_ON_IMPROVED_RESOURCES') ;
INSERT OR IGNORE INTO Modifiers (ModifierId, ModifierType, SubjectRequirementSetId) VALUES ('OP_ATLAS_PRODUCTION_ON_IMPROVED_RESOURCES', 'MODIFIER_CITY_PLOT_YIELDS_ADJUST_PLOT_YIELD', 'OP_REQSET_PLOT_HAS_IMPROVED_ATLAS_RESOURCE') ;
INSERT OR IGNORE INTO ModifierArguments (ModifierId, Name, Value) VALUES
('OP_ATLAS_PRODUCTION_ON_IMPROVED_RESOURCES', 'YieldType', 'YIELD_PRODUCTION'),
('OP_ATLAS_PRODUCTION_ON_IMPROVED_RESOURCES', 'Amount', 3) ;

--		FAITH on improved resources
INSERT OR IGNORE INTO BeliefModifiers (BeliefType, ModifierID) VALUES ('OP_ATLAS', 'OP_ATLAS_CITY_ADDS_FAITH_MODIFIER') ;
INSERT OR IGNORE INTO Modifiers (ModifierId, ModifierType, SubjectRequirementSetId) VALUES ('OP_ATLAS_CITY_ADDS_FAITH_MODIFIER', 'MODIFIER_ALL_CITIES_ATTACH_MODIFIER', 'CITY_FOLLOWS_PANTHEON_REQUIREMENTS') ;
INSERT OR IGNORE INTO ModifierArguments (ModifierId, Name, Value) VALUES ('OP_ATLAS_CITY_ADDS_FAITH_MODIFIER', 'ModifierId', 'OP_ATLAS_FAITH_ON_IMPROVED_RESOURCES') ;
INSERT OR IGNORE INTO Modifiers (ModifierId, ModifierType, SubjectRequirementSetId) VALUES ('OP_ATLAS_FAITH_ON_IMPROVED_RESOURCES', 'MODIFIER_CITY_PLOT_YIELDS_ADJUST_PLOT_YIELD', 'OP_REQSET_PLOT_HAS_IMPROVED_ATLAS_RESOURCE') ;
INSERT OR IGNORE INTO ModifierArguments (ModifierId, Name, Value) VALUES
('OP_ATLAS_FAITH_ON_IMPROVED_RESOURCES', 'YieldType', 'YIELD_FAITH'),
('OP_ATLAS_FAITH_ON_IMPROVED_RESOURCES', 'Amount', 1) ;


--		Reverse Holy Site Adjacency  //  FAITH on improved resources adjacent to Holy Site
INSERT OR IGNORE INTO BeliefModifiers (BeliefType, ModifierID) VALUES ('OP_ATLAS', 'OP_ATLAS_CITY_ADDS_REVERSE_ADJACENCY_FAITH_MODIFIER') ;
INSERT OR IGNORE INTO Modifiers (ModifierId, ModifierType, SubjectRequirementSetId) VALUES ('OP_ATLAS_CITY_ADDS_REVERSE_ADJACENCY_FAITH_MODIFIER', 'MODIFIER_ALL_CITIES_ATTACH_MODIFIER', 'CITY_FOLLOWS_PANTHEON_REQUIREMENTS') ;
INSERT OR IGNORE INTO ModifierArguments (ModifierId, Name, Value) VALUES ('OP_ATLAS_CITY_ADDS_REVERSE_ADJACENCY_FAITH_MODIFIER', 'ModifierId', 'OP_ATLAS_FAITH_ON_IMPROVED_RESOURCES_NEXT_TO_HOLY_SITE') ;
INSERT OR IGNORE INTO Modifiers (ModifierId, ModifierType, SubjectRequirementSetId) VALUES 
('OP_ATLAS_FAITH_ON_IMPROVED_RESOURCES_NEXT_TO_HOLY_SITE', 'MODIFIER_CITY_PLOT_YIELDS_ADJUST_PLOT_YIELD', 'OP_REQSET_PLOT_HAS_IMPROVED_ATLAS_RESOURCE_NEXT_TO_HOLY_SITE') ;
INSERT OR IGNORE INTO ModifierArguments (ModifierId, Name, Value) VALUES 
('OP_ATLAS_FAITH_ON_IMPROVED_RESOURCES_NEXT_TO_HOLY_SITE', 'YieldType', 'YIELD_FAITH'),
('OP_ATLAS_FAITH_ON_IMPROVED_RESOURCES_NEXT_TO_HOLY_SITE', 'Amount', 5) ;


-- ------------------------------------
--  Demeter
-- ------------------------------------
INSERT OR IGNORE INTO Tags (Tag, Vocabulary) VALUES ('OP_CLASS_DEMETER_RESOURCES', 'RESOURCE_CLASS') ;
INSERT OR IGNORE INTO TypeTags (Type, Tag)
SELECT ResourceType, 'OP_CLASS_DEMETER_RESOURCES' FROM Improvement_ValidResources WHERE ImprovementType = 'IMPROVEMENT_FARM' ;
INSERT OR IGNORE INTO TypeTags (Type, Tag) VALUES ('RESOURCE_BANANAS',	'OP_CLASS_DEMETER_RESOURCES') ;


--		Set up plot test requirements
INSERT OR IGNORE INTO Requirements (RequirementId, RequirementType) VALUES ('OP_REQ_PLOT_HAS_DEMETER_RESOURCE', 'REQUIREMENT_PLOT_RESOURCE_TAG_MATCHES') ;
INSERT OR IGNORE INTO RequirementArguments (RequirementId, Name, Value) VALUES ('OP_REQ_PLOT_HAS_DEMETER_RESOURCE', 'Tag', 'OP_CLASS_DEMETER_RESOURCES') ;
INSERT OR IGNORE INTO RequirementSets (RequirementSetId, RequirementSetType) VALUES ('OP_REQSET_PLOT_HAS_IMPROVED_DEMETER_RESOURCE', 'REQUIREMENTSET_TEST_ALL') ;
INSERT OR IGNORE INTO RequirementSetRequirements (RequirementSetId, RequirementId) VALUES
('OP_REQSET_PLOT_HAS_IMPROVED_DEMETER_RESOURCE', 'DB_REQ_HAS_STANDARD_RESOURCE_IMPROVEMENT_OR_INDUSTRY_OR_CORPORATION'),
('OP_REQSET_PLOT_HAS_IMPROVED_DEMETER_RESOURCE', 'OP_REQ_PLOT_HAS_DEMETER_RESOURCE') ;
INSERT OR IGNORE INTO Requirements (RequirementId, RequirementType) VALUES ('OP_REQ_PLOT_HAS_IMPROVED_DEMETER_RESOURCE', 'REQUIREMENT_REQUIREMENTSET_IS_MET') ;
INSERT OR IGNORE INTO RequirementArguments (RequirementId, Name, Value) VALUES ('OP_REQ_PLOT_HAS_IMPROVED_DEMETER_RESOURCE', 'RequirementSetId', 'OP_REQSET_PLOT_HAS_IMPROVED_DEMETER_RESOURCE') ;

--		Set up adjacency test requirements
INSERT OR IGNORE INTO RequirementSets (RequirementSetId, RequirementSetType) VALUES ('OP_REQSET_PLOT_HAS_IMPROVED_DEMETER_RESOURCE_NEXT_TO_HOLY_SITE', 'REQUIREMENTSET_TEST_ALL') ;
INSERT OR IGNORE INTO RequirementSetRequirements (RequirementSetId, RequirementId) VALUES 
('OP_REQSET_PLOT_HAS_IMPROVED_DEMETER_RESOURCE_NEXT_TO_HOLY_SITE', 'OP_REQ_PLOT_HAS_IMPROVED_DEMETER_RESOURCE'),
('OP_REQSET_PLOT_HAS_IMPROVED_DEMETER_RESOURCE_NEXT_TO_HOLY_SITE', 'DB_REQ_NEXT_TO_HOLY_SITE') ;


--		Create belief
INSERT OR IGNORE INTO Types (Type, Kind) VALUES ('OP_DEMETER', 'KIND_BELIEF') ; 
INSERT OR IGNORE INTO Beliefs (BeliefType, Name, Description, BeliefClassType) VALUES ('OP_DEMETER', 'LOC_OP_DEMETER', 'LOC_OP_DEMETER_DESCRIPTION', 'BELIEF_CLASS_PANTHEON') ;

--		FOOD on improved resources
INSERT OR IGNORE INTO BeliefModifiers (BeliefType, ModifierID) VALUES ('OP_DEMETER', 'OP_DEMETER_CITY_ADDS_FOOD_MODIFIER') ;
INSERT OR IGNORE INTO Modifiers (ModifierId, ModifierType, SubjectRequirementSetId) VALUES ('OP_DEMETER_CITY_ADDS_FOOD_MODIFIER', 'MODIFIER_ALL_CITIES_ATTACH_MODIFIER', 'CITY_FOLLOWS_PANTHEON_REQUIREMENTS') ;
INSERT OR IGNORE INTO ModifierArguments (ModifierId, Name, Value) VALUES ('OP_DEMETER_CITY_ADDS_FOOD_MODIFIER', 'ModifierId', 'OP_DEMETER_FOOD_ON_IMPROVED_RESOURCES') ;
INSERT OR IGNORE INTO Modifiers (ModifierId, ModifierType, SubjectRequirementSetId) VALUES ('OP_DEMETER_FOOD_ON_IMPROVED_RESOURCES', 'MODIFIER_CITY_PLOT_YIELDS_ADJUST_PLOT_YIELD', 'OP_REQSET_PLOT_HAS_IMPROVED_DEMETER_RESOURCE') ;
INSERT OR IGNORE INTO ModifierArguments (ModifierId, Name, Value) VALUES
('OP_DEMETER_FOOD_ON_IMPROVED_RESOURCES', 'YieldType', 'YIELD_FOOD'),
('OP_DEMETER_FOOD_ON_IMPROVED_RESOURCES', 'Amount', 2) ;

--		FAITH on improved resources
INSERT OR IGNORE INTO BeliefModifiers (BeliefType, ModifierID) VALUES ('OP_DEMETER', 'OP_DEMETER_CITY_ADDS_FAITH_MODIFIER') ;
INSERT OR IGNORE INTO Modifiers (ModifierId, ModifierType, SubjectRequirementSetId) VALUES ('OP_DEMETER_CITY_ADDS_FAITH_MODIFIER', 'MODIFIER_ALL_CITIES_ATTACH_MODIFIER', 'CITY_FOLLOWS_PANTHEON_REQUIREMENTS') ;
INSERT OR IGNORE INTO ModifierArguments (ModifierId, Name, Value) VALUES ('OP_DEMETER_CITY_ADDS_FAITH_MODIFIER', 'ModifierId', 'OP_DEMETER_FAITH_ON_IMPROVED_RESOURCES') ;
INSERT OR IGNORE INTO Modifiers (ModifierId, ModifierType, SubjectRequirementSetId) VALUES ('OP_DEMETER_FAITH_ON_IMPROVED_RESOURCES', 'MODIFIER_CITY_PLOT_YIELDS_ADJUST_PLOT_YIELD', 'OP_REQSET_PLOT_HAS_IMPROVED_DEMETER_RESOURCE') ;
INSERT OR IGNORE INTO ModifierArguments (ModifierId, Name, Value) VALUES
('OP_DEMETER_FAITH_ON_IMPROVED_RESOURCES', 'YieldType', 'YIELD_FAITH'),
('OP_DEMETER_FAITH_ON_IMPROVED_RESOURCES', 'Amount', 1) ;


--		Reverse Holy Site Adjacency  //  FAITH on improved resources adjacent to Holy Site
INSERT OR IGNORE INTO BeliefModifiers (BeliefType, ModifierID) VALUES ('OP_DEMETER', 'OP_DEMETER_CITY_ADDS_REVERSE_ADJACENCY_FAITH_MODIFIER') ;
INSERT OR IGNORE INTO Modifiers (ModifierId, ModifierType, SubjectRequirementSetId) VALUES ('OP_DEMETER_CITY_ADDS_REVERSE_ADJACENCY_FAITH_MODIFIER', 'MODIFIER_ALL_CITIES_ATTACH_MODIFIER', 'CITY_FOLLOWS_PANTHEON_REQUIREMENTS') ;
INSERT OR IGNORE INTO ModifierArguments (ModifierId, Name, Value) VALUES ('OP_DEMETER_CITY_ADDS_REVERSE_ADJACENCY_FAITH_MODIFIER', 'ModifierId', 'OP_DEMETER_FAITH_ON_IMPROVED_RESOURCES_NEXT_TO_HOLY_SITE') ;
INSERT OR IGNORE INTO Modifiers (ModifierId, ModifierType, SubjectRequirementSetId) VALUES 
('OP_DEMETER_FAITH_ON_IMPROVED_RESOURCES_NEXT_TO_HOLY_SITE', 'MODIFIER_CITY_PLOT_YIELDS_ADJUST_PLOT_YIELD', 'OP_REQSET_PLOT_HAS_IMPROVED_DEMETER_RESOURCE_NEXT_TO_HOLY_SITE') ;
INSERT OR IGNORE INTO ModifierArguments (ModifierId, Name, Value) VALUES 
('OP_DEMETER_FAITH_ON_IMPROVED_RESOURCES_NEXT_TO_HOLY_SITE', 'YieldType', 'YIELD_FAITH'),
('OP_DEMETER_FAITH_ON_IMPROVED_RESOURCES_NEXT_TO_HOLY_SITE', 'Amount', 5) ;


-- ------------------------------------
--  Dionysus
-- ------------------------------------
INSERT OR IGNORE INTO Tags (Tag, Vocabulary) VALUES ('OP_CLASS_DIONYSUS_RESOURCES', 'RESOURCE_CLASS') ;
INSERT OR IGNORE INTO TypeTags (Type, Tag) VALUES 
('RESOURCE_INCENSE',	'OP_CLASS_DIONYSUS_RESOURCES'),
('RESOURCE_TOBACCO',	'OP_CLASS_DIONYSUS_RESOURCES'),
('RESOURCE_WINE',		'OP_CLASS_DIONYSUS_RESOURCES') ;

--		Set up plot test requirements
INSERT OR IGNORE INTO Requirements (RequirementId, RequirementType) VALUES ('OP_REQ_PLOT_HAS_DIONYSUS_RESOURCE', 'REQUIREMENT_PLOT_RESOURCE_TAG_MATCHES') ;
INSERT OR IGNORE INTO RequirementArguments (RequirementId, Name, Value) VALUES ('OP_REQ_PLOT_HAS_DIONYSUS_RESOURCE', 'Tag', 'OP_CLASS_DIONYSUS_RESOURCES') ;
INSERT OR IGNORE INTO RequirementSets (RequirementSetId, RequirementSetType) VALUES ('OP_REQSET_PLOT_HAS_IMPROVED_DIONYSUS_RESOURCE', 'REQUIREMENTSET_TEST_ALL') ;
INSERT OR IGNORE INTO RequirementSetRequirements (RequirementSetId, RequirementId) VALUES
('OP_REQSET_PLOT_HAS_IMPROVED_DIONYSUS_RESOURCE', 'DB_REQ_HAS_STANDARD_RESOURCE_IMPROVEMENT_OR_INDUSTRY_OR_CORPORATION'),
('OP_REQSET_PLOT_HAS_IMPROVED_DIONYSUS_RESOURCE', 'OP_REQ_PLOT_HAS_DIONYSUS_RESOURCE') ;
INSERT OR IGNORE INTO Requirements (RequirementId, RequirementType) VALUES ('OP_REQ_PLOT_HAS_IMPROVED_DIONYSUS_RESOURCE', 'REQUIREMENT_REQUIREMENTSET_IS_MET') ;
INSERT OR IGNORE INTO RequirementArguments (RequirementId, Name, Value) VALUES ('OP_REQ_PLOT_HAS_IMPROVED_DIONYSUS_RESOURCE', 'RequirementSetId', 'OP_REQSET_PLOT_HAS_IMPROVED_DIONYSUS_RESOURCE') ;

--		Set up adjacency test requirements
INSERT OR IGNORE INTO RequirementSets (RequirementSetId, RequirementSetType) VALUES ('OP_REQSET_PLOT_HAS_IMPROVED_DIONYSUS_RESOURCE_NEXT_TO_HOLY_SITE', 'REQUIREMENTSET_TEST_ALL') ;
INSERT OR IGNORE INTO RequirementSetRequirements (RequirementSetId, RequirementId) VALUES 
('OP_REQSET_PLOT_HAS_IMPROVED_DIONYSUS_RESOURCE_NEXT_TO_HOLY_SITE', 'OP_REQ_PLOT_HAS_IMPROVED_DIONYSUS_RESOURCE'),
('OP_REQSET_PLOT_HAS_IMPROVED_DIONYSUS_RESOURCE_NEXT_TO_HOLY_SITE', 'DB_REQ_NEXT_TO_HOLY_SITE') ;

--		Create Peace and Love "building" that, when pillaged (due to war weariness), takes away the amenity bonus
INSERT INTO Types (Type, Kind) VALUES ('BUILDING_OP_PEACE_AND_LOVE', 'KIND_BUILDING') ;
INSERT INTO Buildings (BuildingType, Name, Description, PrereqDistrict, Cost, MustPurchase, PurchaseYield) VALUES ('BUILDING_OP_PEACE_AND_LOVE', 'LOC_BUILDING_OP_PEACE_AND_LOVE', 'LOC_BUILDING_OP_PEACE_AND_LOVE_DESCRIPTION', 'DISTRICT_CITY_CENTER', 99999, 1, 'YIELD_FOOD') ;
INSERT OR IGNORE INTO Requirements (RequirementId, RequirementType) VALUES ('OP_REQ_CITY_HAS_PEACE_AND_LOVE', 'REQUIREMENT_CITY_HAS_BUILDING') ;
INSERT OR IGNORE INTO RequirementArguments (RequirementId, Name, Value)  VALUES 
('OP_REQ_CITY_HAS_PEACE_AND_LOVE', 'BuildingType', 'BUILDING_OP_PEACE_AND_LOVE'),
('OP_REQ_CITY_HAS_PEACE_AND_LOVE', 'MustBeFunctioning', 1) ;


--		City has improved resource requirements (OP_REQSET_CITY_HAS_IMPROVED_DIONYSUS_RESOURCE)
INSERT OR IGNORE INTO Requirements (RequirementId, RequirementType)
SELECT 'OP_REQ_CITY_HAS_' || SUBSTR(Type, 10), 'REQUIREMENT_CITY_HAS_RESOURCE_TYPE_IMPROVED' FROM TypeTags WHERE Tag = 'OP_CLASS_DIONYSUS_RESOURCES' ;
INSERT OR IGNORE INTO RequirementArguments (RequirementId, Name, Value)
SELECT 'OP_REQ_CITY_HAS_' || SUBSTR(Type, 10), 'ResourceType', Type FROM TypeTags WHERE Tag = 'OP_CLASS_DIONYSUS_RESOURCES' ;
INSERT OR IGNORE INTO RequirementSets (RequirementSetId, RequirementSetType) VALUES ('OP_REQSET_CITY_HAS_IMPROVED_DIONYSUS_RESOURCE', 'REQUIREMENTSET_TEST_ANY') ;
INSERT OR IGNORE INTO RequirementSetRequirements (RequirementSetId, RequirementId) 
SELECT 'OP_REQSET_CITY_HAS_IMPROVED_DIONYSUS_RESOURCE', 'OP_REQ_CITY_HAS_' || SUBSTR(Type, 10) FROM TypeTags WHERE Tag = 'OP_CLASS_DIONYSUS_RESOURCES' ;
INSERT OR IGNORE INTO Requirements (RequirementId, RequirementType) VALUES ('OP_REQ_CITY_HAS_IMPROVED_DIONYSUS_RESOURCE', 'REQUIREMENT_REQUIREMENTSET_IS_MET') ;
INSERT OR IGNORE INTO RequirementArguments (RequirementId, Name, Value) VALUES ('OP_REQ_CITY_HAS_IMPROVED_DIONYSUS_RESOURCE', 'RequirementSetId', 'OP_REQSET_CITY_HAS_IMPROVED_DIONYSUS_RESOURCE') ;

--		City has improved resource and "Peace and Love" (OP_REQSET_CITY_HAS_IMPROVED_DIONYSUS_RESOURCE_AND_PEACE)
INSERT OR IGNORE INTO RequirementSets (RequirementSetId, RequirementSetType) VALUES ('OP_REQSET_CITY_HAS_IMPROVED_DIONYSUS_RESOURCE_AND_PEACE', 'REQUIREMENTSET_TEST_ALL') ;
INSERT OR IGNORE INTO RequirementSetRequirements (RequirementSetId, RequirementId) VALUES
('OP_REQSET_CITY_HAS_IMPROVED_DIONYSUS_RESOURCE_AND_PEACE', 'OP_REQ_CITY_HAS_IMPROVED_DIONYSUS_RESOURCE'),
('OP_REQSET_CITY_HAS_IMPROVED_DIONYSUS_RESOURCE_AND_PEACE', 'OP_REQ_CITY_HAS_PEACE_AND_LOVE') ;


--		Create belief
INSERT OR IGNORE INTO Types (Type, Kind) VALUES ('OP_DIONYSUS', 'KIND_BELIEF') ; 
INSERT OR IGNORE INTO Beliefs (BeliefType, Name, Description, BeliefClassType) VALUES ('OP_DIONYSUS', 'LOC_OP_DIONYSUS', 'LOC_OP_DIONYSUS_DESCRIPTION', 'BELIEF_CLASS_PANTHEON') ;


--		Add amenities for cities that have improved a Dionysus resource and the Peace and Love "building" isn't "pillaged" (the lua script pillages/unpillages the building based on war weariness)
INSERT OR IGNORE INTO Types (Type, Kind) VALUES ('OP_DM_CITY_ADJUST_RELIGION_AMENITY', 'KIND_MODIFIER') ;
INSERT OR IGNORE INTO DynamicModifiers (ModifierType, CollectionType, EffectType) VALUES ('OP_DM_CITY_ADJUST_RELIGION_AMENITY', 'COLLECTION_OWNER', 'EFFECT_ADJUST_CITY_AMENITIES_FROM_RELIGION') ;

INSERT OR IGNORE INTO BeliefModifiers (BeliefType, ModifierID) VALUES ('OP_DIONYSUS', 'OP_DIONYSUS_CITY_ADDS_AMEN_MODIFIER') ;
INSERT OR IGNORE INTO Modifiers (ModifierId, ModifierType, SubjectRequirementSetId) VALUES ('OP_DIONYSUS_CITY_ADDS_AMEN_MODIFIER', 'MODIFIER_ALL_CITIES_ATTACH_MODIFIER', 'CITY_FOLLOWS_PANTHEON_REQUIREMENTS') ;
INSERT OR IGNORE INTO ModifierArguments (ModifierId, Name, Value) VALUES ('OP_DIONYSUS_CITY_ADDS_AMEN_MODIFIER', 'ModifierId', 'OP_DIONYSUS_AMENITIES') ;
INSERT OR IGNORE INTO Modifiers (ModifierId, ModifierType, SubjectRequirementSetId) VALUES ('OP_DIONYSUS_AMENITIES', 'OP_DM_CITY_ADJUST_RELIGION_AMENITY', 'OP_REQSET_CITY_HAS_IMPROVED_DIONYSUS_RESOURCE_AND_PEACE') ;
INSERT OR IGNORE INTO ModifierArguments (ModifierId, Name, Value) VALUES ('OP_DIONYSUS_AMENITIES', 'Amount', 100) ;


--		Reverse Holy Site Adjacency  //  FAITH on improved resources adjacent to Holy Site
INSERT OR IGNORE INTO BeliefModifiers (BeliefType, ModifierID) VALUES ('OP_DIONYSUS', 'OP_DIONYSUS_CITY_ADDS_REVERSE_ADJACENCY_FAITH_MODIFIER') ;
INSERT OR IGNORE INTO Modifiers (ModifierId, ModifierType, SubjectRequirementSetId) VALUES ('OP_DIONYSUS_CITY_ADDS_REVERSE_ADJACENCY_FAITH_MODIFIER', 'MODIFIER_ALL_CITIES_ATTACH_MODIFIER', 'CITY_FOLLOWS_PANTHEON_REQUIREMENTS') ;
INSERT OR IGNORE INTO ModifierArguments (ModifierId, Name, Value) VALUES ('OP_DIONYSUS_CITY_ADDS_REVERSE_ADJACENCY_FAITH_MODIFIER', 'ModifierId', 'OP_DIONYSUS_FAITH_ON_IMPROVED_RESOURCES_NEXT_TO_HOLY_SITE') ;
INSERT OR IGNORE INTO Modifiers (ModifierId, ModifierType, SubjectRequirementSetId) VALUES 
('OP_DIONYSUS_FAITH_ON_IMPROVED_RESOURCES_NEXT_TO_HOLY_SITE', 'MODIFIER_CITY_PLOT_YIELDS_ADJUST_PLOT_YIELD', 'OP_REQSET_PLOT_HAS_IMPROVED_DIONYSUS_RESOURCE_NEXT_TO_HOLY_SITE') ;
INSERT OR IGNORE INTO ModifierArguments (ModifierId, Name, Value) VALUES 
('OP_DIONYSUS_FAITH_ON_IMPROVED_RESOURCES_NEXT_TO_HOLY_SITE', 'YieldType', 'YIELD_FAITH'),
('OP_DIONYSUS_FAITH_ON_IMPROVED_RESOURCES_NEXT_TO_HOLY_SITE', 'Amount', 5) ;


-- ------------------------------------
--  Gaia
-- ------------------------------------
INSERT OR IGNORE INTO Types (Type, Kind) VALUES ('OP_GAIA', 'KIND_BELIEF') ; 
INSERT OR IGNORE INTO Beliefs (BeliefType, Name, Description, BeliefClassType) VALUES ('OP_GAIA', 'LOC_OP_GAIA', 'LOC_OP_GAIA_DESCRIPTION', 'BELIEF_CLASS_PANTHEON') ;
--    1 FOOD on JUNGLE
INSERT OR IGNORE INTO BeliefModifiers (BeliefType, ModifierID) VALUES 
                            ('OP_GAIA', 'OP_GAIA_FOOD_CITY_APPLIES_MODIFIER') ;
INSERT OR IGNORE INTO Modifiers (ModifierId, ModifierType, SubjectRequirementSetId) VALUES 
                      ('OP_GAIA_FOOD_CITY_APPLIES_MODIFIER', 'MODIFIER_ALL_CITIES_ATTACH_MODIFIER', 'CITY_FOLLOWS_PANTHEON_REQUIREMENTS') ;
INSERT OR IGNORE INTO ModifierArguments (ModifierId, Name, Value) VALUES 
                              ('OP_GAIA_FOOD_CITY_APPLIES_MODIFIER', 'ModifierId', 'OP_GAIA_FOOD_INCREASES_ON_JUNGLE') ;
INSERT OR IGNORE INTO Modifiers (ModifierId, ModifierType, SubjectRequirementSetId) VALUES 
                      ('OP_GAIA_FOOD_INCREASES_ON_JUNGLE', 'MODIFIER_CITY_PLOT_YIELDS_ADJUST_PLOT_YIELD', 'DB_REQSET_HAS_JUNGLE') ;
INSERT OR IGNORE INTO ModifierArguments (ModifierId, Name, Value) VALUES
							  ('OP_GAIA_FOOD_INCREASES_ON_JUNGLE', 'YieldType', 'YIELD_FOOD'),
							  ('OP_GAIA_FOOD_INCREASES_ON_JUNGLE', 'Amount', 1) ;
--    Holy Site Adjacency
INSERT OR IGNORE INTO BeliefModifiers (BeliefType, ModifierID) VALUES 
                            ('OP_GAIA', 'OP_GAIA_JUNGLE_HOLY_SITE_ADJACENCY') ;
INSERT OR IGNORE INTO Modifiers(ModifierId, ModifierType, SubjectRequirementSetId) VALUES 
                     ('OP_GAIA_JUNGLE_HOLY_SITE_ADJACENCY', 'MODIFIER_ALL_CITIES_FEATURE_ADJACENCY', 'CITY_FOLLOWS_PANTHEON_REQUIREMENTS') ;
INSERT OR IGNORE INTO ModifierArguments(ModifierId, Name, Value) VALUES
							 ('OP_GAIA_JUNGLE_HOLY_SITE_ADJACENCY', 'DistrictType', 'DISTRICT_HOLY_SITE'),
							 ('OP_GAIA_JUNGLE_HOLY_SITE_ADJACENCY', 'Description', 'LOC_OP_DISTRICT_JUNGLE_FAITH'),
							 ('OP_GAIA_JUNGLE_HOLY_SITE_ADJACENCY', 'FeatureType', 'FEATURE_JUNGLE'),
							 ('OP_GAIA_JUNGLE_HOLY_SITE_ADJACENCY', 'YieldType', 'YIELD_FAITH'),
                             ('OP_GAIA_JUNGLE_HOLY_SITE_ADJACENCY', 'Amount', 2) ;


-- ------------------------------------
--  Hades
-- ------------------------------------
INSERT OR IGNORE INTO Tags (Tag, Vocabulary) VALUES ('OP_CLASS_HADES_RESOURCES', 'RESOURCE_CLASS') ;
INSERT OR IGNORE INTO TypeTags (Type, Tag) VALUES 
('RESOURCE_DIAMONDS',	'OP_CLASS_HADES_RESOURCES'),
('RESOURCE_SILVER',		'OP_CLASS_HADES_RESOURCES'),
('RESOURCE_COPPER',		'OP_CLASS_HADES_RESOURCES'),
('RESOURCE_JADE',		'OP_CLASS_HADES_RESOURCES'),
('RESOURCE_AMBER',		'OP_CLASS_HADES_RESOURCES'),
('RESOURCE_PEARLS',		'OP_CLASS_HADES_RESOURCES') ;


--		Set up plot test requirements
INSERT OR IGNORE INTO Requirements (RequirementId, RequirementType) VALUES ('OP_REQ_PLOT_HAS_HADES_RESOURCE', 'REQUIREMENT_PLOT_RESOURCE_TAG_MATCHES') ;
INSERT OR IGNORE INTO RequirementArguments (RequirementId, Name, Value) VALUES ('OP_REQ_PLOT_HAS_HADES_RESOURCE', 'Tag', 'OP_CLASS_HADES_RESOURCES') ;
INSERT OR IGNORE INTO RequirementSets (RequirementSetId, RequirementSetType) VALUES ('OP_REQSET_PLOT_HAS_IMPROVED_HADES_RESOURCE', 'REQUIREMENTSET_TEST_ALL') ;
INSERT OR IGNORE INTO RequirementSetRequirements (RequirementSetId, RequirementId) VALUES
('OP_REQSET_PLOT_HAS_IMPROVED_HADES_RESOURCE', 'DB_REQ_HAS_STANDARD_RESOURCE_IMPROVEMENT_OR_INDUSTRY_OR_CORPORATION'),
('OP_REQSET_PLOT_HAS_IMPROVED_HADES_RESOURCE', 'OP_REQ_PLOT_HAS_HADES_RESOURCE') ;
INSERT OR IGNORE INTO Requirements (RequirementId, RequirementType) VALUES ('OP_REQ_PLOT_HAS_IMPROVED_HADES_RESOURCE', 'REQUIREMENT_REQUIREMENTSET_IS_MET') ;
INSERT OR IGNORE INTO RequirementArguments (RequirementId, Name, Value) VALUES ('OP_REQ_PLOT_HAS_IMPROVED_HADES_RESOURCE', 'RequirementSetId', 'OP_REQSET_PLOT_HAS_IMPROVED_HADES_RESOURCE') ;

--		Set up adjacency test requirements
INSERT OR IGNORE INTO RequirementSets (RequirementSetId, RequirementSetType) VALUES ('OP_REQSET_PLOT_HAS_IMPROVED_HADES_RESOURCE_NEXT_TO_HOLY_SITE', 'REQUIREMENTSET_TEST_ALL') ;
INSERT OR IGNORE INTO RequirementSetRequirements (RequirementSetId, RequirementId) VALUES 
('OP_REQSET_PLOT_HAS_IMPROVED_HADES_RESOURCE_NEXT_TO_HOLY_SITE', 'OP_REQ_PLOT_HAS_IMPROVED_HADES_RESOURCE'),
('OP_REQSET_PLOT_HAS_IMPROVED_HADES_RESOURCE_NEXT_TO_HOLY_SITE', 'DB_REQ_NEXT_TO_HOLY_SITE') ;


--		Create belief
INSERT OR IGNORE INTO Types (Type, Kind) VALUES ('OP_HADES', 'KIND_BELIEF') ; 
INSERT OR IGNORE INTO Beliefs (BeliefType, Name, Description, BeliefClassType) VALUES ('OP_HADES', 'LOC_OP_HADES', 'LOC_OP_HADES_DESCRIPTION', 'BELIEF_CLASS_PANTHEON') ;

--		PRODUCTION on improved resources
INSERT OR IGNORE INTO BeliefModifiers (BeliefType, ModifierID) VALUES ('OP_HADES', 'OP_HADES_CITY_ADDS_PRODUCTION_MODIFIER') ;
INSERT OR IGNORE INTO Modifiers (ModifierId, ModifierType, SubjectRequirementSetId) VALUES ('OP_HADES_CITY_ADDS_PRODUCTION_MODIFIER', 'MODIFIER_ALL_CITIES_ATTACH_MODIFIER', 'CITY_FOLLOWS_PANTHEON_REQUIREMENTS') ;
INSERT OR IGNORE INTO ModifierArguments (ModifierId, Name, Value) VALUES ('OP_HADES_CITY_ADDS_PRODUCTION_MODIFIER', 'ModifierId', 'OP_HADES_PRODUCTION_ON_IMPROVED_RESOURCES') ;
INSERT OR IGNORE INTO Modifiers (ModifierId, ModifierType, SubjectRequirementSetId) VALUES ('OP_HADES_PRODUCTION_ON_IMPROVED_RESOURCES', 'MODIFIER_CITY_PLOT_YIELDS_ADJUST_PLOT_YIELD', 'OP_REQSET_PLOT_HAS_IMPROVED_HADES_RESOURCE') ;
INSERT OR IGNORE INTO ModifierArguments (ModifierId, Name, Value) VALUES
('OP_HADES_PRODUCTION_ON_IMPROVED_RESOURCES', 'YieldType', 'YIELD_PRODUCTION'),
('OP_HADES_PRODUCTION_ON_IMPROVED_RESOURCES', 'Amount', 1) ;

--		GOLD on improved resources
INSERT OR IGNORE INTO BeliefModifiers (BeliefType, ModifierID) VALUES ('OP_HADES', 'OP_HADES_CITY_ADDS_GOLD_MODIFIER') ;
INSERT OR IGNORE INTO Modifiers (ModifierId, ModifierType, SubjectRequirementSetId) VALUES ('OP_HADES_CITY_ADDS_GOLD_MODIFIER', 'MODIFIER_ALL_CITIES_ATTACH_MODIFIER', 'CITY_FOLLOWS_PANTHEON_REQUIREMENTS') ;
INSERT OR IGNORE INTO ModifierArguments (ModifierId, Name, Value) VALUES ('OP_HADES_CITY_ADDS_GOLD_MODIFIER', 'ModifierId', 'OP_HADES_GOLD_ON_IMPROVED_RESOURCES') ;
INSERT OR IGNORE INTO Modifiers (ModifierId, ModifierType, SubjectRequirementSetId) VALUES ('OP_HADES_GOLD_ON_IMPROVED_RESOURCES', 'MODIFIER_CITY_PLOT_YIELDS_ADJUST_PLOT_YIELD', 'OP_REQSET_PLOT_HAS_IMPROVED_HADES_RESOURCE') ;
INSERT OR IGNORE INTO ModifierArguments (ModifierId, Name, Value) VALUES
('OP_HADES_GOLD_ON_IMPROVED_RESOURCES', 'YieldType', 'YIELD_GOLD'),
('OP_HADES_GOLD_ON_IMPROVED_RESOURCES', 'Amount', 7) ;


--		Reverse Holy Site Adjacency  //  FAITH on improved resources adjacent to Holy Site
INSERT OR IGNORE INTO BeliefModifiers (BeliefType, ModifierID) VALUES ('OP_HADES', 'OP_HADES_CITY_ADDS_REVERSE_ADJACENCY_FAITH_MODIFIER') ;
INSERT OR IGNORE INTO Modifiers (ModifierId, ModifierType, SubjectRequirementSetId) VALUES ('OP_HADES_CITY_ADDS_REVERSE_ADJACENCY_FAITH_MODIFIER', 'MODIFIER_ALL_CITIES_ATTACH_MODIFIER', 'CITY_FOLLOWS_PANTHEON_REQUIREMENTS') ;
INSERT OR IGNORE INTO ModifierArguments (ModifierId, Name, Value) VALUES ('OP_HADES_CITY_ADDS_REVERSE_ADJACENCY_FAITH_MODIFIER', 'ModifierId', 'OP_HADES_FAITH_ON_IMPROVED_RESOURCES_NEXT_TO_HOLY_SITE') ;
INSERT OR IGNORE INTO Modifiers (ModifierId, ModifierType, SubjectRequirementSetId) VALUES 
('OP_HADES_FAITH_ON_IMPROVED_RESOURCES_NEXT_TO_HOLY_SITE', 'MODIFIER_CITY_PLOT_YIELDS_ADJUST_PLOT_YIELD', 'OP_REQSET_PLOT_HAS_IMPROVED_HADES_RESOURCE_NEXT_TO_HOLY_SITE') ;
INSERT OR IGNORE INTO ModifierArguments (ModifierId, Name, Value) VALUES 
('OP_HADES_FAITH_ON_IMPROVED_RESOURCES_NEXT_TO_HOLY_SITE', 'YieldType', 'YIELD_FAITH'),
('OP_HADES_FAITH_ON_IMPROVED_RESOURCES_NEXT_TO_HOLY_SITE', 'Amount', 5) ;


-- ------------------------------------
--   HELIOS
-- ------------------------------------
INSERT OR IGNORE INTO Types (Type, Kind) VALUES ('OP_HELIOS', 'KIND_BELIEF') ;
INSERT OR IGNORE INTO Beliefs (BeliefType, Name, Description, BeliefClassType) VALUES ('OP_HELIOS', 'LOC_OP_HELIOS', 'LOC_OP_HELIOS_DESCRIPTION', 'BELIEF_CLASS_PANTHEON') ;
--    1 FOOD on DESERT
INSERT OR IGNORE INTO BeliefModifiers (BeliefType, ModifierID) VALUES 
                            ('OP_HELIOS', 'OP_HELIOS_FOOD_CITY_APPLIES_MODIFIER') ;
INSERT OR IGNORE INTO Modifiers (ModifierId, ModifierType, SubjectRequirementSetId) VALUES 
                      ('OP_HELIOS_FOOD_CITY_APPLIES_MODIFIER', 'MODIFIER_ALL_CITIES_ATTACH_MODIFIER', 'CITY_FOLLOWS_PANTHEON_REQUIREMENTS') ;
INSERT OR IGNORE INTO ModifierArguments (ModifierId, Name, Value) VALUES 
                              ('OP_HELIOS_FOOD_CITY_APPLIES_MODIFIER', 'ModifierId', 'OP_HELIOS_FOOD_INCREASES_ON_DESERT') ;
INSERT OR IGNORE INTO Modifiers (ModifierId, ModifierType, SubjectRequirementSetId) VALUES 
                      ('OP_HELIOS_FOOD_INCREASES_ON_DESERT', 'MODIFIER_CITY_PLOT_YIELDS_ADJUST_PLOT_YIELD', 'DB_REQSET_IS_ANY_DESERT') ;
INSERT OR IGNORE INTO ModifierArguments (ModifierId, Name, Value) VALUES
							  ('OP_HELIOS_FOOD_INCREASES_ON_DESERT', 'YieldType', 'YIELD_FOOD'),
							  ('OP_HELIOS_FOOD_INCREASES_ON_DESERT', 'Amount', 1) ;
--    1 PRODUCTION on DESERT
INSERT OR IGNORE INTO BeliefModifiers (BeliefType, ModifierID) VALUES 
                            ('OP_HELIOS', 'OP_HELIOS_PRODUCTION_CITY_APPLIES_MODIFIER') ;
INSERT OR IGNORE INTO Modifiers (ModifierId, ModifierType, SubjectRequirementSetId) VALUES 
                      ('OP_HELIOS_PRODUCTION_CITY_APPLIES_MODIFIER', 'MODIFIER_ALL_CITIES_ATTACH_MODIFIER', 'CITY_FOLLOWS_PANTHEON_REQUIREMENTS') ;
INSERT OR IGNORE INTO ModifierArguments (ModifierId, Name, Value) VALUES 
                              ('OP_HELIOS_PRODUCTION_CITY_APPLIES_MODIFIER', 'ModifierId', 'OP_HELIOS_PRODUCTION_INCREASES_ON_DESERT') ;
INSERT OR IGNORE INTO Modifiers (ModifierId, ModifierType, SubjectRequirementSetId) VALUES 
                      ('OP_HELIOS_PRODUCTION_INCREASES_ON_DESERT', 'MODIFIER_CITY_PLOT_YIELDS_ADJUST_PLOT_YIELD', 'DB_REQSET_IS_ANY_DESERT') ;
INSERT OR IGNORE INTO ModifierArguments (ModifierId, Name, Value) VALUES
							  ('OP_HELIOS_PRODUCTION_INCREASES_ON_DESERT', 'YieldType', 'YIELD_PRODUCTION'),
							  ('OP_HELIOS_PRODUCTION_INCREASES_ON_DESERT', 'Amount', 1) ;
--    1 FAITH on DESERT
INSERT OR IGNORE INTO BeliefModifiers (BeliefType, ModifierID) VALUES 
                            ('OP_HELIOS', 'OP_HELIOS_FAITH_CITY_APPLIES_MODIFIER') ;
INSERT OR IGNORE INTO Modifiers (ModifierId, ModifierType, SubjectRequirementSetId) VALUES 
                      ('OP_HELIOS_FAITH_CITY_APPLIES_MODIFIER', 'MODIFIER_ALL_CITIES_ATTACH_MODIFIER', 'CITY_FOLLOWS_PANTHEON_REQUIREMENTS') ;
INSERT OR IGNORE INTO ModifierArguments (ModifierId, Name, Value) VALUES 
                              ('OP_HELIOS_FAITH_CITY_APPLIES_MODIFIER', 'ModifierId', 'OP_HELIOS_FAITH_INCREASES_ON_DESERT') ;
INSERT OR IGNORE INTO Modifiers (ModifierId, ModifierType, SubjectRequirementSetId) VALUES 
                      ('OP_HELIOS_FAITH_INCREASES_ON_DESERT', 'MODIFIER_CITY_PLOT_YIELDS_ADJUST_PLOT_YIELD', 'DB_REQSET_IS_ANY_DESERT') ;
INSERT OR IGNORE INTO ModifierArguments (ModifierId, Name, Value) VALUES
							  ('OP_HELIOS_FAITH_INCREASES_ON_DESERT', 'YieldType', 'YIELD_FAITH'),
							  ('OP_HELIOS_FAITH_INCREASES_ON_DESERT', 'Amount', 1) ;
--    1 GOLD on DESERT
INSERT OR IGNORE INTO BeliefModifiers (BeliefType, ModifierID) VALUES 
                            ('OP_HELIOS', 'OP_HELIOS_GOLD_CITY_APPLIES_MODIFIER') ;
INSERT OR IGNORE INTO Modifiers (ModifierId, ModifierType, SubjectRequirementSetId) VALUES 
                      ('OP_HELIOS_GOLD_CITY_APPLIES_MODIFIER', 'MODIFIER_ALL_CITIES_ATTACH_MODIFIER', 'CITY_FOLLOWS_PANTHEON_REQUIREMENTS') ;
INSERT OR IGNORE INTO ModifierArguments (ModifierId, Name, Value) VALUES 
                              ('OP_HELIOS_GOLD_CITY_APPLIES_MODIFIER', 'ModifierId', 'OP_HELIOS_GOLD_INCREASES_ON_DESERT') ;
INSERT OR IGNORE INTO Modifiers (ModifierId, ModifierType, SubjectRequirementSetId) VALUES 
                      ('OP_HELIOS_GOLD_INCREASES_ON_DESERT', 'MODIFIER_CITY_PLOT_YIELDS_ADJUST_PLOT_YIELD', 'DB_REQSET_IS_ANY_DESERT') ;
INSERT OR IGNORE INTO ModifierArguments (ModifierId, Name, Value) VALUES
							  ('OP_HELIOS_GOLD_INCREASES_ON_DESERT', 'YieldType', 'YIELD_GOLD'),
							  ('OP_HELIOS_GOLD_INCREASES_ON_DESERT', 'Amount', 1) ;



--    Holy Site Adjacency
INSERT OR IGNORE INTO BeliefModifiers (BeliefType, ModifierID) VALUES 
                            ('OP_HELIOS', 'OP_HELIOS_DESERT_HOLY_SITE_ADJACENCY') ;
INSERT OR IGNORE INTO Modifiers(ModifierId, ModifierType, SubjectRequirementSetId) VALUES 
                     ('OP_HELIOS_DESERT_HOLY_SITE_ADJACENCY', 'MODIFIER_ALL_CITIES_TERRAIN_ADJACENCY', 'CITY_FOLLOWS_PANTHEON_REQUIREMENTS') ;
INSERT OR IGNORE INTO ModifierArguments(ModifierId, Name, Value) VALUES
							 ('OP_HELIOS_DESERT_HOLY_SITE_ADJACENCY', 'DistrictType', 'DISTRICT_HOLY_SITE'),
							 ('OP_HELIOS_DESERT_HOLY_SITE_ADJACENCY', 'Description', 'LOC_OP_DISTRICT_DESERT_FAITH'),
							 ('OP_HELIOS_DESERT_HOLY_SITE_ADJACENCY', 'TerrainType', 'TERRAIN_DESERT'),
							 ('OP_HELIOS_DESERT_HOLY_SITE_ADJACENCY', 'YieldType', 'YIELD_FAITH'),
                             ('OP_HELIOS_DESERT_HOLY_SITE_ADJACENCY', 'Amount', 1) ;

INSERT OR IGNORE INTO BeliefModifiers (BeliefType, ModifierID) VALUES 
                            ('OP_HELIOS', 'OP_HELIOS_DESERT_HILLS_HOLY_SITE_ADJACENCY') ;
INSERT OR IGNORE INTO Modifiers(ModifierId, ModifierType, SubjectRequirementSetId) VALUES 
                     ('OP_HELIOS_DESERT_HILLS_HOLY_SITE_ADJACENCY', 'MODIFIER_ALL_CITIES_TERRAIN_ADJACENCY', 'CITY_FOLLOWS_PANTHEON_REQUIREMENTS') ;
INSERT OR IGNORE INTO ModifierArguments(ModifierId, Name, Value) VALUES
							 ('OP_HELIOS_DESERT_HILLS_HOLY_SITE_ADJACENCY', 'DistrictType', 'DISTRICT_HOLY_SITE'),
							 ('OP_HELIOS_DESERT_HILLS_HOLY_SITE_ADJACENCY', 'Description', 'LOC_OP_DISTRICT_DESERT_FAITH'),
							 ('OP_HELIOS_DESERT_HILLS_HOLY_SITE_ADJACENCY', 'TerrainType', 'TERRAIN_DESERT_HILLS'),
							 ('OP_HELIOS_DESERT_HILLS_HOLY_SITE_ADJACENCY', 'YieldType', 'YIELD_FAITH'),
                             ('OP_HELIOS_DESERT_HILLS_HOLY_SITE_ADJACENCY', 'Amount', 1) ;

-- 5 FAITH on COLOSSUS
INSERT OR IGNORE INTO BeliefModifiers (BeliefType, ModifierID) VALUES 
                            ('OP_HELIOS', 'OP_HELIOS_CITY_APPLIES_MODIFIER_FAITH_ON_COLOSSUS') ;
INSERT OR IGNORE INTO Modifiers (ModifierId, ModifierType, SubjectRequirementSetId) VALUES 
                      ('OP_HELIOS_CITY_APPLIES_MODIFIER_FAITH_ON_COLOSSUS', 'MODIFIER_ALL_CITIES_ATTACH_MODIFIER', 'CITY_FOLLOWS_PANTHEON_REQUIREMENTS') ;
INSERT OR IGNORE INTO ModifierArguments (ModifierId, Name, Value) VALUES 
                              ('OP_HELIOS_CITY_APPLIES_MODIFIER_FAITH_ON_COLOSSUS', 'ModifierId', 'OP_HELIOS_FAITH_INCREASES_ON_COLOSSUS') ;
INSERT OR IGNORE INTO Modifiers (ModifierId, ModifierType) VALUES 
                      ('OP_HELIOS_FAITH_INCREASES_ON_COLOSSUS', 'MODIFIER_BUILDING_YIELD_CHANGE') ;
INSERT OR IGNORE INTO ModifierArguments (ModifierId, Name, Value) VALUES 
                              ('OP_HELIOS_FAITH_INCREASES_ON_COLOSSUS', 'BuildingType', 'BUILDING_COLOSSUS'),
                              ('OP_HELIOS_FAITH_INCREASES_ON_COLOSSUS', 'YieldType', 'YIELD_FAITH'),
							  ('OP_HELIOS_FAITH_INCREASES_ON_COLOSSUS', 'Amount', 5) ;



-- ------------------------------------
--  Hephaestus
-- ------------------------------------
INSERT OR IGNORE INTO Tags (Tag, Vocabulary) VALUES ('OP_CLASS_HEPHAESTUS_RESOURCES', 'RESOURCE_CLASS') ;
INSERT OR IGNORE INTO TypeTags (Type, Tag)
SELECT ResourceType, 'OP_CLASS_HEPHAESTUS_RESOURCES' FROM Improvement_ValidResources WHERE ImprovementType = 'IMPROVEMENT_MINE' ;
DELETE FROM TypeTags WHERE Tag = 'OP_CLASS_HEPHAESTUS_RESOURCES' AND Type IN (SELECT ResourceType FROM Resources WHERE ResourceClassType != 'RESOURCECLASS_STRATEGIC') ;

--		Set up plot test requirements
INSERT OR IGNORE INTO Requirements (RequirementId, RequirementType) VALUES ('OP_REQ_PLOT_HAS_HEPHAESTUS_RESOURCE', 'REQUIREMENT_PLOT_RESOURCE_TAG_MATCHES') ;
INSERT OR IGNORE INTO RequirementArguments (RequirementId, Name, Value) VALUES ('OP_REQ_PLOT_HAS_HEPHAESTUS_RESOURCE', 'Tag', 'OP_CLASS_HEPHAESTUS_RESOURCES') ;
INSERT OR IGNORE INTO RequirementSets (RequirementSetId, RequirementSetType) VALUES ('OP_REQSET_PLOT_HAS_IMPROVED_HEPHAESTUS_RESOURCE', 'REQUIREMENTSET_TEST_ALL') ;
INSERT OR IGNORE INTO RequirementSetRequirements (RequirementSetId, RequirementId) VALUES
('OP_REQSET_PLOT_HAS_IMPROVED_HEPHAESTUS_RESOURCE', 'DB_REQ_HAS_STANDARD_RESOURCE_IMPROVEMENT_OR_INDUSTRY_OR_CORPORATION'),
('OP_REQSET_PLOT_HAS_IMPROVED_HEPHAESTUS_RESOURCE', 'OP_REQ_PLOT_HAS_HEPHAESTUS_RESOURCE') ;
INSERT OR IGNORE INTO Requirements (RequirementId, RequirementType) VALUES ('OP_REQ_PLOT_HAS_IMPROVED_HEPHAESTUS_RESOURCE', 'REQUIREMENT_REQUIREMENTSET_IS_MET') ;
INSERT OR IGNORE INTO RequirementArguments (RequirementId, Name, Value) VALUES ('OP_REQ_PLOT_HAS_IMPROVED_HEPHAESTUS_RESOURCE', 'RequirementSetId', 'OP_REQSET_PLOT_HAS_IMPROVED_HEPHAESTUS_RESOURCE') ;

--		Set up adjacency test requirements
INSERT OR IGNORE INTO RequirementSets (RequirementSetId, RequirementSetType) VALUES ('OP_REQSET_PLOT_HAS_IMPROVED_HEPHAESTUS_RESOURCE_NEXT_TO_HOLY_SITE', 'REQUIREMENTSET_TEST_ALL') ;
INSERT OR IGNORE INTO RequirementSetRequirements (RequirementSetId, RequirementId) VALUES 
('OP_REQSET_PLOT_HAS_IMPROVED_HEPHAESTUS_RESOURCE_NEXT_TO_HOLY_SITE', 'OP_REQ_PLOT_HAS_IMPROVED_HEPHAESTUS_RESOURCE'),
('OP_REQSET_PLOT_HAS_IMPROVED_HEPHAESTUS_RESOURCE_NEXT_TO_HOLY_SITE', 'DB_REQ_NEXT_TO_HOLY_SITE') ;


--		Create belief
INSERT OR IGNORE INTO Types (Type, Kind) VALUES ('OP_HEPHAESTUS', 'KIND_BELIEF') ; 
INSERT OR IGNORE INTO Beliefs (BeliefType, Name, Description, BeliefClassType) VALUES ('OP_HEPHAESTUS', 'LOC_OP_HEPHAESTUS', 'LOC_OP_HEPHAESTUS_DESCRIPTION', 'BELIEF_CLASS_PANTHEON') ;

--		PRODUCTION on improved resources
INSERT OR IGNORE INTO BeliefModifiers (BeliefType, ModifierID) VALUES ('OP_HEPHAESTUS', 'OP_HEPHAESTUS_CITY_ADDS_PRODUCTION_MODIFIER') ;
INSERT OR IGNORE INTO Modifiers (ModifierId, ModifierType, SubjectRequirementSetId) VALUES ('OP_HEPHAESTUS_CITY_ADDS_PRODUCTION_MODIFIER', 'MODIFIER_ALL_CITIES_ATTACH_MODIFIER', 'CITY_FOLLOWS_PANTHEON_REQUIREMENTS') ;
INSERT OR IGNORE INTO ModifierArguments (ModifierId, Name, Value) VALUES ('OP_HEPHAESTUS_CITY_ADDS_PRODUCTION_MODIFIER', 'ModifierId', 'OP_HEPHAESTUS_PRODUCTION_ON_IMPROVED_RESOURCES') ;
INSERT OR IGNORE INTO Modifiers (ModifierId, ModifierType, SubjectRequirementSetId) VALUES ('OP_HEPHAESTUS_PRODUCTION_ON_IMPROVED_RESOURCES', 'MODIFIER_CITY_PLOT_YIELDS_ADJUST_PLOT_YIELD', 'OP_REQSET_PLOT_HAS_IMPROVED_HEPHAESTUS_RESOURCE') ;
INSERT OR IGNORE INTO ModifierArguments (ModifierId, Name, Value) VALUES
('OP_HEPHAESTUS_PRODUCTION_ON_IMPROVED_RESOURCES', 'YieldType', 'YIELD_PRODUCTION'),
('OP_HEPHAESTUS_PRODUCTION_ON_IMPROVED_RESOURCES', 'Amount', 1) ;

--		SCIENCE on improved resources
INSERT OR IGNORE INTO BeliefModifiers (BeliefType, ModifierID) VALUES ('OP_HEPHAESTUS', 'OP_HEPHAESTUS_CITY_ADDS_SCIENCE_MODIFIER') ;
INSERT OR IGNORE INTO Modifiers (ModifierId, ModifierType, SubjectRequirementSetId) VALUES ('OP_HEPHAESTUS_CITY_ADDS_SCIENCE_MODIFIER', 'MODIFIER_ALL_CITIES_ATTACH_MODIFIER', 'CITY_FOLLOWS_PANTHEON_REQUIREMENTS') ;
INSERT OR IGNORE INTO ModifierArguments (ModifierId, Name, Value) VALUES ('OP_HEPHAESTUS_CITY_ADDS_SCIENCE_MODIFIER', 'ModifierId', 'OP_HEPHAESTUS_SCIENCE_ON_IMPROVED_RESOURCES') ;
INSERT OR IGNORE INTO Modifiers (ModifierId, ModifierType, SubjectRequirementSetId) VALUES ('OP_HEPHAESTUS_SCIENCE_ON_IMPROVED_RESOURCES', 'MODIFIER_CITY_PLOT_YIELDS_ADJUST_PLOT_YIELD', 'OP_REQSET_PLOT_HAS_IMPROVED_HEPHAESTUS_RESOURCE') ;
INSERT OR IGNORE INTO ModifierArguments (ModifierId, Name, Value) VALUES
('OP_HEPHAESTUS_SCIENCE_ON_IMPROVED_RESOURCES', 'YieldType', 'YIELD_SCIENCE'),
('OP_HEPHAESTUS_SCIENCE_ON_IMPROVED_RESOURCES', 'Amount', 1) ;

--		CULTURE on improved resources
INSERT OR IGNORE INTO BeliefModifiers (BeliefType, ModifierID) VALUES ('OP_HEPHAESTUS', 'OP_HEPHAESTUS_CITY_ADDS_CULTURE_MODIFIER') ;
INSERT OR IGNORE INTO Modifiers (ModifierId, ModifierType, SubjectRequirementSetId) VALUES ('OP_HEPHAESTUS_CITY_ADDS_CULTURE_MODIFIER', 'MODIFIER_ALL_CITIES_ATTACH_MODIFIER', 'CITY_FOLLOWS_PANTHEON_REQUIREMENTS') ;
INSERT OR IGNORE INTO ModifierArguments (ModifierId, Name, Value) VALUES ('OP_HEPHAESTUS_CITY_ADDS_CULTURE_MODIFIER', 'ModifierId', 'OP_HEPHAESTUS_CULTURE_ON_IMPROVED_RESOURCES') ;
INSERT OR IGNORE INTO Modifiers (ModifierId, ModifierType, SubjectRequirementSetId) VALUES ('OP_HEPHAESTUS_CULTURE_ON_IMPROVED_RESOURCES', 'MODIFIER_CITY_PLOT_YIELDS_ADJUST_PLOT_YIELD', 'OP_REQSET_PLOT_HAS_IMPROVED_HEPHAESTUS_RESOURCE') ;
INSERT OR IGNORE INTO ModifierArguments (ModifierId, Name, Value) VALUES
('OP_HEPHAESTUS_CULTURE_ON_IMPROVED_RESOURCES', 'YieldType', 'YIELD_CULTURE'),
('OP_HEPHAESTUS_CULTURE_ON_IMPROVED_RESOURCES', 'Amount', 1) ;

--		FAITH on improved resources
INSERT OR IGNORE INTO BeliefModifiers (BeliefType, ModifierID) VALUES ('OP_HEPHAESTUS', 'OP_HEPHAESTUS_CITY_ADDS_FAITH_MODIFIER') ;
INSERT OR IGNORE INTO Modifiers (ModifierId, ModifierType, SubjectRequirementSetId) VALUES ('OP_HEPHAESTUS_CITY_ADDS_FAITH_MODIFIER', 'MODIFIER_ALL_CITIES_ATTACH_MODIFIER', 'CITY_FOLLOWS_PANTHEON_REQUIREMENTS') ;
INSERT OR IGNORE INTO ModifierArguments (ModifierId, Name, Value) VALUES ('OP_HEPHAESTUS_CITY_ADDS_FAITH_MODIFIER', 'ModifierId', 'OP_HEPHAESTUS_FAITH_ON_IMPROVED_RESOURCES') ;
INSERT OR IGNORE INTO Modifiers (ModifierId, ModifierType, SubjectRequirementSetId) VALUES ('OP_HEPHAESTUS_FAITH_ON_IMPROVED_RESOURCES', 'MODIFIER_CITY_PLOT_YIELDS_ADJUST_PLOT_YIELD', 'OP_REQSET_PLOT_HAS_IMPROVED_HEPHAESTUS_RESOURCE') ;
INSERT OR IGNORE INTO ModifierArguments (ModifierId, Name, Value) VALUES
('OP_HEPHAESTUS_FAITH_ON_IMPROVED_RESOURCES', 'YieldType', 'YIELD_FAITH'),
('OP_HEPHAESTUS_FAITH_ON_IMPROVED_RESOURCES', 'Amount', 1) ;

--		GOLD on improved resources
INSERT OR IGNORE INTO BeliefModifiers (BeliefType, ModifierID) VALUES ('OP_HEPHAESTUS', 'OP_HEPHAESTUS_CITY_ADDS_GOLD_MODIFIER') ;
INSERT OR IGNORE INTO Modifiers (ModifierId, ModifierType, SubjectRequirementSetId) VALUES ('OP_HEPHAESTUS_CITY_ADDS_GOLD_MODIFIER', 'MODIFIER_ALL_CITIES_ATTACH_MODIFIER', 'CITY_FOLLOWS_PANTHEON_REQUIREMENTS') ;
INSERT OR IGNORE INTO ModifierArguments (ModifierId, Name, Value) VALUES ('OP_HEPHAESTUS_CITY_ADDS_GOLD_MODIFIER', 'ModifierId', 'OP_HEPHAESTUS_GOLD_ON_IMPROVED_RESOURCES') ;
INSERT OR IGNORE INTO Modifiers (ModifierId, ModifierType, SubjectRequirementSetId) VALUES ('OP_HEPHAESTUS_GOLD_ON_IMPROVED_RESOURCES', 'MODIFIER_CITY_PLOT_YIELDS_ADJUST_PLOT_YIELD', 'OP_REQSET_PLOT_HAS_IMPROVED_HEPHAESTUS_RESOURCE') ;
INSERT OR IGNORE INTO ModifierArguments (ModifierId, Name, Value) VALUES
('OP_HEPHAESTUS_GOLD_ON_IMPROVED_RESOURCES', 'YieldType', 'YIELD_GOLD'),
('OP_HEPHAESTUS_GOLD_ON_IMPROVED_RESOURCES', 'Amount', 1) ;


--		Reverse Holy Site Adjacency  //  FAITH on improved resources adjacent to Holy Site
INSERT OR IGNORE INTO BeliefModifiers (BeliefType, ModifierID) VALUES ('OP_HEPHAESTUS', 'OP_HEPHAESTUS_CITY_ADDS_REVERSE_ADJACENCY_FAITH_MODIFIER') ;
INSERT OR IGNORE INTO Modifiers (ModifierId, ModifierType, SubjectRequirementSetId) VALUES ('OP_HEPHAESTUS_CITY_ADDS_REVERSE_ADJACENCY_FAITH_MODIFIER', 'MODIFIER_ALL_CITIES_ATTACH_MODIFIER', 'CITY_FOLLOWS_PANTHEON_REQUIREMENTS') ;
INSERT OR IGNORE INTO ModifierArguments (ModifierId, Name, Value) VALUES ('OP_HEPHAESTUS_CITY_ADDS_REVERSE_ADJACENCY_FAITH_MODIFIER', 'ModifierId', 'OP_HEPHAESTUS_FAITH_ON_IMPROVED_RESOURCES_NEXT_TO_HOLY_SITE') ;
INSERT OR IGNORE INTO Modifiers (ModifierId, ModifierType, SubjectRequirementSetId) VALUES 
('OP_HEPHAESTUS_FAITH_ON_IMPROVED_RESOURCES_NEXT_TO_HOLY_SITE', 'MODIFIER_CITY_PLOT_YIELDS_ADJUST_PLOT_YIELD', 'OP_REQSET_PLOT_HAS_IMPROVED_HEPHAESTUS_RESOURCE_NEXT_TO_HOLY_SITE') ;
INSERT OR IGNORE INTO ModifierArguments (ModifierId, Name, Value) VALUES 
('OP_HEPHAESTUS_FAITH_ON_IMPROVED_RESOURCES_NEXT_TO_HOLY_SITE', 'YieldType', 'YIELD_FAITH'),
('OP_HEPHAESTUS_FAITH_ON_IMPROVED_RESOURCES_NEXT_TO_HOLY_SITE', 'Amount', 5) ;

--    Holy Site Adjacency
INSERT OR IGNORE INTO BeliefModifiers (BeliefType, ModifierID) VALUES 
                            ('OP_HEPHAESTUS', 'OP_HEPHAESTUS_VOLCANO_HOLY_SITE_ADJACENCY') ;
INSERT OR IGNORE INTO Modifiers(ModifierId, ModifierType, SubjectRequirementSetId) VALUES 
                     ('OP_HEPHAESTUS_VOLCANO_HOLY_SITE_ADJACENCY', 'MODIFIER_ALL_CITIES_FEATURE_ADJACENCY', 'CITY_FOLLOWS_PANTHEON_REQUIREMENTS') ;
INSERT OR IGNORE INTO ModifierArguments(ModifierId, Name, Value) VALUES
							 ('OP_HEPHAESTUS_VOLCANO_HOLY_SITE_ADJACENCY', 'DistrictType', 'DISTRICT_HOLY_SITE'),
							 ('OP_HEPHAESTUS_VOLCANO_HOLY_SITE_ADJACENCY', 'Description', 'LOC_OP_DISTRICT_VOLCANO_FAITH'),
							 ('OP_HEPHAESTUS_VOLCANO_HOLY_SITE_ADJACENCY', 'FeatureType', 'FEATURE_VOLCANO'),
							 ('OP_HEPHAESTUS_VOLCANO_HOLY_SITE_ADJACENCY', 'YieldType', 'YIELD_FAITH'),
                             ('OP_HEPHAESTUS_VOLCANO_HOLY_SITE_ADJACENCY', 'Amount', 10) ;
-- ------------------------------------
--  Hera
-- ------------------------------------
INSERT OR IGNORE INTO Types (Type, Kind) VALUES ('OP_HERA', 'KIND_BELIEF') ; 
INSERT OR IGNORE INTO Beliefs (BeliefType, Name, Description, BeliefClassType) VALUES ('OP_HERA', 'LOC_OP_HERA', 'LOC_OP_HERA_DESCRIPTION', 'BELIEF_CLASS_PANTHEON') ;
INSERT OR IGNORE INTO BeliefModifiers (BeliefType, ModifierID) VALUES
                            ('OP_HERA', 'OP_HERA_ALWAYS_LOYAL'),
							('OP_HERA', 'OP_HERA_100_LOYALTY'),
							('OP_HERA', 'OP_HERA_PUSHES_LOYALTY_CITIES_ATTACH_MODIFIER'),
							('OP_HERA', 'OP_HERA_REVERSE_PUSH_ON_SELF_CITIES_ATTACH_MODIFIER'),
							('OP_HERA', 'OP_HERA_SKIP_FREE_CITY_PLAYERS_ATTACH_MODIFIER') ;

INSERT OR IGNORE INTO Modifiers (ModifierId, ModifierType, SubjectRequirementSetId) VALUES 
                      ('OP_HERA_ALWAYS_LOYAL', 'DB_DM_CITIES_ALWAYS_LOYAL', 'CITY_FOLLOWS_PANTHEON_REQUIREMENTS'),
					  ('OP_HERA_100_LOYALTY', 'MODIFIER_SINGLE_CITY_ADJUST_IDENTITY_PER_TURN', 'CITY_FOLLOWS_PANTHEON_REQUIREMENTS'),
					  ('OP_HERA_PUSHES_LOYALTY_CITIES_ATTACH_MODIFIER', 'MODIFIER_ALL_CITIES_ATTACH_MODIFIER', 'CITY_FOLLOWS_PANTHEON_REQUIREMENTS'),
					  ('OP_HERA_PUSHES_LOYALTY', 'DB_DM_ALL_CITIES_ADJUST_IDENTITY_PER_TURN', 'DB_REQSET_WITHIN_5_TILES'),
					  ('OP_HERA_REVERSE_PUSH_ON_SELF_CITIES_ATTACH_MODIFIER', 'MODIFIER_ALL_CITIES_ATTACH_MODIFIER', 'CITY_FOLLOWS_PANTHEON_REQUIREMENTS'),
					  ('OP_HERA_REVERSE_PUSH_ON_SELF', 'DB_DM_PLAYER_CITIES_ADJUST_IDENTITY_PER_TURN', 'DB_REQSET_WITHIN_5_TILES'),
					  ('OP_HERA_SKIP_FREE_CITY_PLAYERS_ATTACH_MODIFIER', 'MODIFIER_ALL_PLAYERS_ATTACH_MODIFIER', 'PLAYER_HAS_PANTHEON_REQUIREMENTS'),
					  ('OP_HERA_SKIP_FREE_CITY', 'MODIFIER_PLAYER_ADJUST_SKIP_FREE_CITY_STEP', NULL) ;

INSERT OR IGNORE INTO ModifierArguments (ModifierId, Name, Value) VALUES
							  ('OP_HERA_ALWAYS_LOYAL', 'AlwaysLoyal', 1),
							  ('OP_HERA_100_LOYALTY', 'Amount', 100),
						      ('OP_HERA_PUSHES_LOYALTY_CITIES_ATTACH_MODIFIER', 'ModifierId', 'OP_HERA_PUSHES_LOYALTY'),
							  ('OP_HERA_PUSHES_LOYALTY', 'Amount', -8),
						      ('OP_HERA_REVERSE_PUSH_ON_SELF_CITIES_ATTACH_MODIFIER', 'ModifierId', 'OP_HERA_REVERSE_PUSH_ON_SELF'),
							  ('OP_HERA_REVERSE_PUSH_ON_SELF', 'Amount', 8),
							  ('OP_HERA_SKIP_FREE_CITY_PLAYERS_ATTACH_MODIFIER', 'ModifierId', 'OP_HERA_SKIP_FREE_CITY'),
							  ('OP_HERA_SKIP_FREE_CITY', 'Skip', 1) ;

INSERT OR IGNORE INTO BeliefModifiers (BeliefType, ModifierID) VALUES
                            ('OP_HERA', 'OP_HERA_CITY_GOVERNOR1'),
                            ('OP_HERA', 'OP_HERA_CITY_GOVERNOR2'),
                            ('OP_HERA', 'OP_HERA_CITY_GOVERNOR3'),
                            ('OP_HERA', 'OP_HERA_CITY_GOVERNOR4'),
                            ('OP_HERA', 'OP_HERA_CITY_GOVERNOR5'),
							('OP_HERA', 'OP_HERA_CITY_GOVERNOR6') ;
INSERT OR IGNORE INTO Modifiers (ModifierId, ModifierType, SubjectRequirementSetId) VALUES 
                      ('OP_HERA_CITY_GOVERNOR1', 'MODIFIER_ALL_CITIES_ATTACH_MODIFIER', 'DB_REQSET_CITY_HAS_PANTHEON_AND_1_GOV_TITLE_ESTABLISHED'),
                      ('OP_HERA_CITY_GOVERNOR2', 'MODIFIER_ALL_CITIES_ATTACH_MODIFIER', 'DB_REQSET_CITY_HAS_PANTHEON_AND_2_GOV_TITLE_ESTABLISHED'),
                      ('OP_HERA_CITY_GOVERNOR3', 'MODIFIER_ALL_CITIES_ATTACH_MODIFIER', 'DB_REQSET_CITY_HAS_PANTHEON_AND_3_GOV_TITLE_ESTABLISHED'),
                      ('OP_HERA_CITY_GOVERNOR4', 'MODIFIER_ALL_CITIES_ATTACH_MODIFIER', 'DB_REQSET_CITY_HAS_PANTHEON_AND_4_GOV_TITLE_ESTABLISHED'),
                      ('OP_HERA_CITY_GOVERNOR5', 'MODIFIER_ALL_CITIES_ATTACH_MODIFIER', 'DB_REQSET_CITY_HAS_PANTHEON_AND_5_GOV_TITLE_ESTABLISHED'),
                      ('OP_HERA_CITY_GOVERNOR6', 'MODIFIER_ALL_CITIES_ATTACH_MODIFIER', 'DB_REQSET_CITY_HAS_PANTHEON_AND_6_GOV_TITLE_ESTABLISHED') ;
INSERT OR IGNORE INTO ModifierArguments (ModifierId, Name, Value) VALUES 
							  ('OP_HERA_CITY_GOVERNOR1', 'ModifierId', 'OP_HERA_HOLY_SITE_GOVERNOR1'),
							  ('OP_HERA_CITY_GOVERNOR2', 'ModifierId', 'OP_HERA_HOLY_SITE_GOVERNOR2'),
							  ('OP_HERA_CITY_GOVERNOR3', 'ModifierId', 'OP_HERA_HOLY_SITE_GOVERNOR3'),
							  ('OP_HERA_CITY_GOVERNOR4', 'ModifierId', 'OP_HERA_HOLY_SITE_GOVERNOR4'),
							  ('OP_HERA_CITY_GOVERNOR5', 'ModifierId', 'OP_HERA_HOLY_SITE_GOVERNOR5'),
							  ('OP_HERA_CITY_GOVERNOR6', 'ModifierId', 'OP_HERA_HOLY_SITE_GOVERNOR6') ;
INSERT OR IGNORE INTO Modifiers (ModifierId, ModifierType, SubjectRequirementSetId) VALUES 
                      ('OP_HERA_HOLY_SITE_GOVERNOR1', 'DB_DM_ADJUST_DISTRICT_YIELD', 'DISTRICT_IS_HOLY_SITE'),
                      ('OP_HERA_HOLY_SITE_GOVERNOR2', 'DB_DM_ADJUST_DISTRICT_YIELD', 'DISTRICT_IS_HOLY_SITE'),
                      ('OP_HERA_HOLY_SITE_GOVERNOR3', 'DB_DM_ADJUST_DISTRICT_YIELD', 'DISTRICT_IS_HOLY_SITE'),
                      ('OP_HERA_HOLY_SITE_GOVERNOR4', 'DB_DM_ADJUST_DISTRICT_YIELD', 'DISTRICT_IS_HOLY_SITE'),
                      ('OP_HERA_HOLY_SITE_GOVERNOR5', 'DB_DM_ADJUST_DISTRICT_YIELD', 'DISTRICT_IS_HOLY_SITE'),
                      ('OP_HERA_HOLY_SITE_GOVERNOR6', 'DB_DM_ADJUST_DISTRICT_YIELD', 'DISTRICT_IS_HOLY_SITE') ;
INSERT OR IGNORE INTO ModifierArguments (ModifierId, Name, Value) VALUES 
							  ('OP_HERA_HOLY_SITE_GOVERNOR1', 'Amount', 3),
							  ('OP_HERA_HOLY_SITE_GOVERNOR1', 'YieldType', 'YIELD_FAITH'),
							  ('OP_HERA_HOLY_SITE_GOVERNOR2', 'Amount', 7),
							  ('OP_HERA_HOLY_SITE_GOVERNOR2', 'YieldType', 'YIELD_FAITH'),
							  ('OP_HERA_HOLY_SITE_GOVERNOR3', 'Amount', 12),
							  ('OP_HERA_HOLY_SITE_GOVERNOR3', 'YieldType', 'YIELD_FAITH'),
							  ('OP_HERA_HOLY_SITE_GOVERNOR4', 'Amount', 18),
							  ('OP_HERA_HOLY_SITE_GOVERNOR4', 'YieldType', 'YIELD_FAITH'),
							  ('OP_HERA_HOLY_SITE_GOVERNOR5', 'Amount', 25),
							  ('OP_HERA_HOLY_SITE_GOVERNOR5', 'YieldType', 'YIELD_FAITH'),
							  ('OP_HERA_HOLY_SITE_GOVERNOR6', 'Amount', 33),
							  ('OP_HERA_HOLY_SITE_GOVERNOR6', 'YieldType', 'YIELD_FAITH') ;

-- ------------------------------------
--  Hermes
-- ------------------------------------
INSERT OR IGNORE INTO Types (Type, Kind) VALUES ('OP_HERMES', 'KIND_BELIEF') ; 
INSERT OR IGNORE INTO Beliefs (BeliefType, Name, Description, BeliefClassType) VALUES ('OP_HERMES', 'LOC_OP_HERMES', 'LOC_OP_HERMES_DESCRIPTION', 'BELIEF_CLASS_PANTHEON') ;
INSERT OR IGNORE INTO BeliefModifiers (BeliefType, ModifierID) VALUES
                            ('OP_HERMES', 'OP_HERMES_ROADS_TO_CAPITAL'),
							('OP_HERMES', 'OP_HERMES_IMPROVED_ROAD_LEVEL'),
							('OP_HERMES', 'OP_HERMES_HARVEST_FAITH'),
							('OP_HERMES', 'OP_HERMES_REMOVE_FEATURE_FAITH') ;

INSERT OR IGNORE INTO Modifiers (ModifierId, ModifierType, SubjectRequirementSetId) VALUES 
                      ('OP_HERMES_ROADS_TO_CAPITAL', 'MODIFIER_ALL_PLAYERS_ATTACH_MODIFIER', 'PLAYER_HAS_PANTHEON_REQUIREMENTS'),
					  ('OP_HERMES_IMPROVED_ROAD_LEVEL', 'MODIFIER_ALL_PLAYERS_ATTACH_MODIFIER', 'PLAYER_HAS_PANTHEON_REQUIREMENTS'),
                      ('OP_HERMES_HARVEST_FAITH', 'MODIFIER_ALL_PLAYERS_ATTACH_MODIFIER', 'PLAYER_HAS_PANTHEON_REQUIREMENTS'),
                      ('OP_HERMES_REMOVE_FEATURE_FAITH', 'MODIFIER_ALL_PLAYERS_ATTACH_MODIFIER', 'PLAYER_HAS_PANTHEON_REQUIREMENTS') ;
INSERT OR IGNORE INTO ModifierArguments (ModifierId, Name, Value) VALUES 
							  ('OP_HERMES_ROADS_TO_CAPITAL', 'ModifierId', 'OP_HERMES_ROADS_TO_CAPITAL_MODIFIER'),
							  ('OP_HERMES_IMPROVED_ROAD_LEVEL', 'ModifierId', 'OP_HERMES_IMPROVED_ROAD_LEVEL_MODIFIER'),
							  ('OP_HERMES_HARVEST_FAITH', 'ModifierId', 'OP_HERMES_HARVEST_FAITH_MODIFIER'),
							  ('OP_HERMES_REMOVE_FEATURE_FAITH', 'ModifierId', 'OP_HERMES_REMOVE_FEATURE_MODIFIER') ;

INSERT OR IGNORE INTO Modifiers (ModifierId, ModifierType) VALUES 
                      ('OP_HERMES_ROADS_TO_CAPITAL_MODIFIER', 'MODIFIER_PLAYER_CITIES_GRANT_ROAD_TO_CAPITAL'),
					  ('OP_HERMES_IMPROVED_ROAD_LEVEL_MODIFIER', 'MODIFIER_PLAYER_ADJUST_IMPROVED_ROUTE_LEVEL'),
                      ('OP_HERMES_HARVEST_FAITH_MODIFIER', 'MODIFIER_PLAYER_GRANT_FAITH_FROM_HARVEST'),
                      ('OP_HERMES_REMOVE_FEATURE_MODIFIER', 'MODIFIER_PLAYER_GRANT_FAITH_FROM_REMOVE_FEATURE') ;
INSERT OR IGNORE INTO ModifierArguments (ModifierId, Name, Value) VALUES 
							  ('OP_HERMES_IMPROVED_ROAD_LEVEL_MODIFIER', 'ImprovedRouteLevel', 1),
							  ('OP_HERMES_HARVEST_FAITH_MODIFIER', 'Amount', 100),
							  ('OP_HERMES_REMOVE_FEATURE_MODIFIER', 'Amount', 100) ;

--    5 FAITH on MERCURY
INSERT OR IGNORE INTO BeliefModifiers (BeliefType, ModifierID) VALUES 
                            ('OP_HERMES', 'OP_HERMES_FAITH_ON_MERCURY_CITY_APPLIES_MODIFIER') ;
INSERT OR IGNORE INTO Modifiers (ModifierId, ModifierType, SubjectRequirementSetId) VALUES 
                      ('OP_HERMES_FAITH_ON_MERCURY_CITY_APPLIES_MODIFIER', 'MODIFIER_ALL_CITIES_ATTACH_MODIFIER', 'CITY_FOLLOWS_PANTHEON_REQUIREMENTS') ;
INSERT OR IGNORE INTO ModifierArguments (ModifierId, Name, Value) VALUES 
                              ('OP_HERMES_FAITH_ON_MERCURY_CITY_APPLIES_MODIFIER', 'ModifierId', 'OP_HERMES_FAITH_INCREASES_ON_MERCURY') ;
INSERT OR IGNORE INTO Modifiers (ModifierId, ModifierType, SubjectRequirementSetId) VALUES 
                      ('OP_HERMES_FAITH_INCREASES_ON_MERCURY', 'MODIFIER_CITY_PLOT_YIELDS_ADJUST_PLOT_YIELD', 'DB_REQSET_HAS_MERCURY') ;
INSERT OR IGNORE INTO ModifierArguments (ModifierId, Name, Value) VALUES
							  ('OP_HERMES_FAITH_INCREASES_ON_MERCURY', 'YieldType', 'YIELD_FAITH'),
							  ('OP_HERMES_FAITH_INCREASES_ON_MERCURY', 'Amount', 5) ;


--	  Spies travel in 1 turn
INSERT OR IGNORE INTO Types (Type, Kind) VALUES ('OP_ABILITY_HERMES_SPY_ESTABILSH_TIME', 'KIND_ABILITY') ; 
INSERT OR IGNORE INTO TypeTags (Type, Tag) VALUES ('OP_ABILITY_HERMES_SPY_ESTABILSH_TIME', 'DB_CLASS_UNIT_SPY') ; 
INSERT OR IGNORE INTO UnitAbilities (UnitAbilityType, Name, Description, Inactive) VALUES ('OP_ABILITY_HERMES_SPY_ESTABILSH_TIME', 'LOC_OP_ABILITY_HERMES_SPY_ESTABILSH_TIME_NAME', 'LOC_OP_ABILITY_HERMES_SPY_ESTABILSH_TIME_DESCRIPTION', 1) ;
INSERT OR IGNORE INTO UnitAbilityModifiers (UnitAbilityType, ModifierId) VALUES ('OP_ABILITY_HERMES_SPY_ESTABILSH_TIME', 'OP_HERMES_SPY_ESTABLISH_TIME') ;
INSERT OR IGNORE INTO Modifiers (ModifierId, ModifierType) VALUES ('OP_HERMES_SPY_ESTABLISH_TIME', 'MODIFIER_PLAYER_UNIT_ADJUST_SPY_ESTABLISH_TIME') ;
INSERT OR IGNORE INTO ModifierArguments (ModifierId, Name, Value) VALUES ('OP_HERMES_SPY_ESTABLISH_TIME', 'ReductionPercent', 99999) ;

INSERT OR IGNORE INTO BeliefModifiers (BeliefType, ModifierID) VALUES ('OP_HERMES', 'OP_HERMES_SPY_PLAYERS_ATTACH_MODIFIER') ;
INSERT OR IGNORE INTO Modifiers (ModifierId, ModifierType, SubjectRequirementSetId) VALUES ('OP_HERMES_SPY_PLAYERS_ATTACH_MODIFIER', 'MODIFIER_ALL_PLAYERS_ATTACH_MODIFIER', 'PLAYER_HAS_PANTHEON_REQUIREMENTS') ;
INSERT OR IGNORE INTO ModifierArguments (ModifierId, Name, Value) VALUES ('OP_HERMES_SPY_PLAYERS_ATTACH_MODIFIER', 'ModifierId', 'OP_HERMES_SPY_GRANT_ABILITY_TO_UNITS') ;
INSERT OR IGNORE INTO Modifiers (ModifierId, ModifierType) VALUES ('OP_HERMES_SPY_GRANT_ABILITY_TO_UNITS', 'MODIFIER_PLAYER_UNITS_GRANT_ABILITY') ;
INSERT OR IGNORE INTO ModifierArguments (ModifierId, Name, Value) VALUES ('OP_HERMES_SPY_GRANT_ABILITY_TO_UNITS', 'AbilityType', 'OP_ABILITY_HERMES_SPY_ESTABILSH_TIME') ;


--    Governors establish in 1 turn
--		seems to be impossible... no modifier

-- ------------------------------------
--  Hestia
-- ------------------------------------
INSERT OR IGNORE INTO Types (Type, Kind) VALUES ('OP_HESTIA', 'KIND_BELIEF') ; 
INSERT OR IGNORE INTO Beliefs (BeliefType, Name, Description, BeliefClassType) VALUES ('OP_HESTIA', 'LOC_OP_HESTIA', 'LOC_OP_HESTIA_DESCRIPTION', 'BELIEF_CLASS_PANTHEON') ;
--    PRODUCTION on FOREST
INSERT OR IGNORE INTO BeliefModifiers (BeliefType, ModifierID) VALUES 
                            ('OP_HESTIA', 'OP_HESTIA_PRODUCTION_CITY_APPLIES_MODIFIER') ;
INSERT OR IGNORE INTO Modifiers (ModifierId, ModifierType, SubjectRequirementSetId) VALUES 
                      ('OP_HESTIA_PRODUCTION_CITY_APPLIES_MODIFIER', 'MODIFIER_ALL_CITIES_ATTACH_MODIFIER', 'CITY_FOLLOWS_PANTHEON_REQUIREMENTS') ;
INSERT OR IGNORE INTO ModifierArguments (ModifierId, Name, Value) VALUES 
                              ('OP_HESTIA_PRODUCTION_CITY_APPLIES_MODIFIER', 'ModifierId', 'OP_HESTIA_PRODUCTION_INCREASES_ON_FOREST') ;
INSERT OR IGNORE INTO Modifiers (ModifierId, ModifierType, SubjectRequirementSetId) VALUES 
                      ('OP_HESTIA_PRODUCTION_INCREASES_ON_FOREST', 'MODIFIER_CITY_PLOT_YIELDS_ADJUST_PLOT_YIELD', 'DB_REQSET_HAS_FOREST') ;
INSERT OR IGNORE INTO ModifierArguments (ModifierId, Name, Value) VALUES
							  ('OP_HESTIA_PRODUCTION_INCREASES_ON_FOREST', 'YieldType', 'YIELD_PRODUCTION'),
							  ('OP_HESTIA_PRODUCTION_INCREASES_ON_FOREST', 'Amount', 1) ;
--    Holy Site Adjacency
INSERT OR IGNORE INTO BeliefModifiers (BeliefType, ModifierID) VALUES 
                            ('OP_HESTIA', 'OP_HESTIA_FOREST_HOLY_SITE_ADJACENCY') ;
INSERT OR IGNORE INTO Modifiers(ModifierId, ModifierType, SubjectRequirementSetId) VALUES 
                     ('OP_HESTIA_FOREST_HOLY_SITE_ADJACENCY', 'MODIFIER_ALL_CITIES_FEATURE_ADJACENCY', 'CITY_FOLLOWS_PANTHEON_REQUIREMENTS') ;
INSERT OR IGNORE INTO ModifierArguments(ModifierId, Name, Value) VALUES
							 ('OP_HESTIA_FOREST_HOLY_SITE_ADJACENCY', 'DistrictType', 'DISTRICT_HOLY_SITE'),
							 ('OP_HESTIA_FOREST_HOLY_SITE_ADJACENCY', 'Description', 'LOC_OP_DISTRICT_FOREST_FAITH'),
							 ('OP_HESTIA_FOREST_HOLY_SITE_ADJACENCY', 'FeatureType', 'FEATURE_FOREST'),
							 ('OP_HESTIA_FOREST_HOLY_SITE_ADJACENCY', 'YieldType', 'YIELD_FAITH'),
                             ('OP_HESTIA_FOREST_HOLY_SITE_ADJACENCY', 'Amount', 2) ;
							 


-- ------------------------------------
-- PAN
-- ------------------------------------
INSERT OR IGNORE INTO Types (Type, Kind) VALUES ('OP_PAN', 'KIND_BELIEF') ; 
INSERT OR IGNORE INTO Beliefs (BeliefType, Name, Description, BeliefClassType) VALUES ('OP_PAN', 'LOC_OP_PAN', 'LOC_OP_PAN_DESCRIPTION', 'BELIEF_CLASS_PANTHEON') ;

INSERT OR IGNORE INTO Requirements
(RequirementId,							RequirementType,							Inverse) 
VALUES
('OP_REQ_HAS_FLOODPLAINS_GRASSLAND',	'REQUIREMENT_PLOT_FEATURE_TYPE_MATCHES',	0),
('OP_REQ_HAS_FLOODPLAINS_PLAINS',		'REQUIREMENT_PLOT_FEATURE_TYPE_MATCHES',	0)
;

INSERT OR IGNORE INTO RequirementArguments
(RequirementId,							Name,			Value) 
VALUES
('OP_REQ_HAS_FLOODPLAINS_GRASSLAND',	'FeatureType',	'FEATURE_FLOODPLAINS_GRASSLAND'),
('OP_REQ_HAS_FLOODPLAINS_PLAINS',		'FeatureType',	'FEATURE_FLOODPLAINS_PLAINS')
;

INSERT OR IGNORE INTO RequirementSets
(RequirementSetId,		RequirementSetType)
VALUES
('OP_REQSET_PAN_PLOTS',	'REQUIREMENTSET_TEST_ANY')
;

INSERT OR IGNORE INTO RequirementSetRequirements
(RequirementSetId,		RequirementId)
VALUES
('OP_REQSET_PAN_PLOTS',	'REQUIRES_PLOT_HAS_MARSH'),
('OP_REQSET_PAN_PLOTS',	'REQUIRES_PLOT_HAS_FLOODPLAINS'),
('OP_REQSET_PAN_PLOTS',	'OP_REQ_HAS_FLOODPLAINS_GRASSLAND'),
('OP_REQSET_PAN_PLOTS',	'OP_REQ_HAS_FLOODPLAINS_PLAINS')
;

--    1 CULTURE on REEDS
INSERT OR IGNORE INTO BeliefModifiers (BeliefType, ModifierID) VALUES 
                            ('OP_PAN', 'OP_PAN_CULTURE_CITY_APPLIES_MODIFIER') ;
INSERT OR IGNORE INTO Modifiers (ModifierId, ModifierType, SubjectRequirementSetId) VALUES 
                      ('OP_PAN_CULTURE_CITY_APPLIES_MODIFIER', 'MODIFIER_ALL_CITIES_ATTACH_MODIFIER', 'CITY_FOLLOWS_PANTHEON_REQUIREMENTS') ;
INSERT OR IGNORE INTO ModifierArguments (ModifierId, Name, Value) VALUES 
                              ('OP_PAN_CULTURE_CITY_APPLIES_MODIFIER', 'ModifierId', 'OP_PAN_CULTURE_INCREASES_ON_REEDS') ;
INSERT OR IGNORE INTO Modifiers (ModifierId, ModifierType, SubjectRequirementSetId) VALUES 
                      ('OP_PAN_CULTURE_INCREASES_ON_REEDS', 'MODIFIER_CITY_PLOT_YIELDS_ADJUST_PLOT_YIELD', 'OP_REQSET_PAN_PLOTS') ;
INSERT OR IGNORE INTO ModifierArguments (ModifierId, Name, Value) VALUES
							  ('OP_PAN_CULTURE_INCREASES_ON_REEDS', 'YieldType', 'YIELD_CULTURE'),
							  ('OP_PAN_CULTURE_INCREASES_ON_REEDS', 'Amount', 1) ;
--    Holy Site Adjacency  //  FAITH for adjacent MARSH
INSERT OR IGNORE INTO BeliefModifiers (BeliefType, ModifierID) VALUES 
                            ('OP_PAN', 'OP_PAN_MARSH_HOLY_SITE_ADJACENCY') ;
INSERT OR IGNORE INTO Modifiers(ModifierId, ModifierType, SubjectRequirementSetId) VALUES 
                     ('OP_PAN_MARSH_HOLY_SITE_ADJACENCY', 'MODIFIER_ALL_CITIES_FEATURE_ADJACENCY', 'CITY_FOLLOWS_PANTHEON_REQUIREMENTS') ;
INSERT OR IGNORE INTO ModifierArguments(ModifierId, Name, Value) VALUES
							 ('OP_PAN_MARSH_HOLY_SITE_ADJACENCY', 'DistrictType', 'DISTRICT_HOLY_SITE'),
							 ('OP_PAN_MARSH_HOLY_SITE_ADJACENCY', 'Description', 'LOC_OP_DISTRICT_REEDS_FAITH'),
							 ('OP_PAN_MARSH_HOLY_SITE_ADJACENCY', 'FeatureType', 'FEATURE_MARSH'),
							 ('OP_PAN_MARSH_HOLY_SITE_ADJACENCY', 'YieldType', 'YIELD_FAITH'),
                             ('OP_PAN_MARSH_HOLY_SITE_ADJACENCY', 'Amount', 2) ;
--    Holy Site Adjacency  //  FAITH for adjacent FLOODPLAINS
INSERT OR IGNORE INTO BeliefModifiers (BeliefType, ModifierID) VALUES 
                            ('OP_PAN', 'OP_PAN_FLOODPLAINS_HOLY_SITE_ADJACENCY') ;
INSERT OR IGNORE INTO Modifiers(ModifierId, ModifierType, SubjectRequirementSetId) VALUES 
                     ('OP_PAN_FLOODPLAINS_HOLY_SITE_ADJACENCY', 'MODIFIER_ALL_CITIES_FEATURE_ADJACENCY', 'CITY_FOLLOWS_PANTHEON_REQUIREMENTS') ;
INSERT OR IGNORE INTO ModifierArguments(ModifierId, Name, Value) VALUES
							 ('OP_PAN_FLOODPLAINS_HOLY_SITE_ADJACENCY', 'DistrictType', 'DISTRICT_HOLY_SITE'),
							 ('OP_PAN_FLOODPLAINS_HOLY_SITE_ADJACENCY', 'Description', 'LOC_OP_DISTRICT_REEDS_FAITH'),
							 ('OP_PAN_FLOODPLAINS_HOLY_SITE_ADJACENCY', 'FeatureType', 'FEATURE_FLOODPLAINS'),
							 ('OP_PAN_FLOODPLAINS_HOLY_SITE_ADJACENCY', 'YieldType', 'YIELD_FAITH'),
                             ('OP_PAN_FLOODPLAINS_HOLY_SITE_ADJACENCY', 'Amount', 2) ;
--    Holy Site Adjacency  //  FAITH for adjacent FLOODPLAINS_GRASSLAND
INSERT OR IGNORE INTO BeliefModifiers (BeliefType, ModifierID) VALUES 
                            ('OP_PAN', 'OP_PAN_FLOODPLAINS_GRASSLAND_HOLY_SITE_ADJACENCY') ;
INSERT OR IGNORE INTO Modifiers(ModifierId, ModifierType, SubjectRequirementSetId) VALUES 
                     ('OP_PAN_FLOODPLAINS_GRASSLAND_HOLY_SITE_ADJACENCY', 'MODIFIER_ALL_CITIES_FEATURE_ADJACENCY', 'CITY_FOLLOWS_PANTHEON_REQUIREMENTS') ;
INSERT OR IGNORE INTO ModifierArguments(ModifierId, Name, Value) VALUES
							 ('OP_PAN_FLOODPLAINS_GRASSLAND_HOLY_SITE_ADJACENCY', 'DistrictType', 'DISTRICT_HOLY_SITE'),
							 ('OP_PAN_FLOODPLAINS_GRASSLAND_HOLY_SITE_ADJACENCY', 'Description', 'LOC_OP_DISTRICT_REEDS_FAITH'),
							 ('OP_PAN_FLOODPLAINS_GRASSLAND_HOLY_SITE_ADJACENCY', 'FeatureType', 'FEATURE_FLOODPLAINS_GRASSLAND'),
							 ('OP_PAN_FLOODPLAINS_GRASSLAND_HOLY_SITE_ADJACENCY', 'YieldType', 'YIELD_FAITH'),
                             ('OP_PAN_FLOODPLAINS_GRASSLAND_HOLY_SITE_ADJACENCY', 'Amount', 2) ;
--    Holy Site Adjacency  //  FAITH for adjacent FLOODPLAINS_PLAINS
INSERT OR IGNORE INTO BeliefModifiers (BeliefType, ModifierID) VALUES 
                            ('OP_PAN', 'OP_PAN_FLOODPLAINS_PLAINS_HOLY_SITE_ADJACENCY') ;
INSERT OR IGNORE INTO Modifiers(ModifierId, ModifierType, SubjectRequirementSetId) VALUES 
                     ('OP_PAN_FLOODPLAINS_PLAINS_HOLY_SITE_ADJACENCY', 'MODIFIER_ALL_CITIES_FEATURE_ADJACENCY', 'CITY_FOLLOWS_PANTHEON_REQUIREMENTS') ;
INSERT OR IGNORE INTO ModifierArguments(ModifierId, Name, Value) VALUES
							 ('OP_PAN_FLOODPLAINS_PLAINS_HOLY_SITE_ADJACENCY', 'DistrictType', 'DISTRICT_HOLY_SITE'),
							 ('OP_PAN_FLOODPLAINS_PLAINS_HOLY_SITE_ADJACENCY', 'Description', 'LOC_OP_DISTRICT_REEDS_FAITH'),
							 ('OP_PAN_FLOODPLAINS_PLAINS_HOLY_SITE_ADJACENCY', 'FeatureType', 'FEATURE_FLOODPLAINS_PLAINS'),
							 ('OP_PAN_FLOODPLAINS_PLAINS_HOLY_SITE_ADJACENCY', 'YieldType', 'YIELD_FAITH'),
                             ('OP_PAN_FLOODPLAINS_PLAINS_HOLY_SITE_ADJACENCY', 'Amount', 2) ;


-- ------------------------------------
--   PERSEPHONE
-- ------------------------------------
INSERT OR IGNORE INTO Types (Type, Kind) VALUES ('OP_PERSEPHONE', 'KIND_BELIEF') ; 
INSERT OR IGNORE INTO Beliefs (BeliefType, Name, Description, BeliefClassType) VALUES ('OP_PERSEPHONE', 'LOC_OP_PERSEPHONE', 'LOC_OP_PERSEPHONE_DESCRIPTION', 'BELIEF_CLASS_PANTHEON') ;
--    FOOD
INSERT OR IGNORE INTO Modifiers (ModifierId, ModifierType, SubjectRequirementSetId) VALUES ('OP_PERSEPHONE_YIELD_FOOD', 'MODIFIER_CITY_PLOT_YIELDS_ADJUST_PLOT_YIELD', 'DB_REQSET_IS_ANY_ARCTIC') ;
INSERT OR IGNORE INTO ModifierArguments (ModifierId, Name, Value) VALUES
							  ('OP_PERSEPHONE_YIELD_FOOD', 'YieldType', 'YIELD_FOOD'),
							  ('OP_PERSEPHONE_YIELD_FOOD', 'Amount', 1) ;
INSERT OR IGNORE INTO Modifiers (ModifierId, ModifierType, SubjectRequirementSetId) VALUES ('OP_PERSEPHONE_CITY_ADDS_MODIFIER_FOOD', 'MODIFIER_ALL_CITIES_ATTACH_MODIFIER', 'CITY_FOLLOWS_PANTHEON_REQUIREMENTS') ;
INSERT OR IGNORE INTO ModifierArguments (ModifierId, Name, Value) VALUES ('OP_PERSEPHONE_CITY_ADDS_MODIFIER_FOOD', 'ModifierId', 'OP_PERSEPHONE_YIELD_FOOD') ;
INSERT OR IGNORE INTO BeliefModifiers (BeliefType, ModifierID) VALUES ('OP_PERSEPHONE', 'OP_PERSEPHONE_CITY_ADDS_MODIFIER_FOOD') ;

--    PRODUCTION
INSERT OR IGNORE INTO BeliefModifiers (BeliefType, ModifierID) VALUES 
                            ('OP_PERSEPHONE', 'OP_PERSEPHONE_CITY_ADDS_MODIFIER_PRODUCTION') ;
INSERT OR IGNORE INTO Modifiers (ModifierId, ModifierType, SubjectRequirementSetId) VALUES 
                      ('OP_PERSEPHONE_CITY_ADDS_MODIFIER_PRODUCTION', 'MODIFIER_ALL_CITIES_ATTACH_MODIFIER', 'CITY_FOLLOWS_PANTHEON_REQUIREMENTS') ;
INSERT OR IGNORE INTO ModifierArguments (ModifierId, Name, Value) VALUES 
                              ('OP_PERSEPHONE_CITY_ADDS_MODIFIER_PRODUCTION', 'ModifierId', 'OP_PERSEPHONE_YIELD_PRODUCTION') ;
INSERT OR IGNORE INTO Modifiers (ModifierId, ModifierType, SubjectRequirementSetId) VALUES 
                      ('OP_PERSEPHONE_YIELD_PRODUCTION', 'MODIFIER_CITY_PLOT_YIELDS_ADJUST_PLOT_YIELD', 'DB_REQSET_IS_ANY_ARCTIC') ;
INSERT OR IGNORE INTO ModifierArguments (ModifierId, Name, Value) VALUES
							  ('OP_PERSEPHONE_YIELD_PRODUCTION', 'YieldType', 'YIELD_PRODUCTION'),
							  ('OP_PERSEPHONE_YIELD_PRODUCTION', 'Amount', 1) ;

--    FAITH
INSERT OR IGNORE INTO BeliefModifiers (BeliefType, ModifierID) VALUES 
                            ('OP_PERSEPHONE', 'OP_PERSEPHONE_CITY_ADDS_MODIFIER_FAITH') ;
INSERT OR IGNORE INTO Modifiers (ModifierId, ModifierType, SubjectRequirementSetId) VALUES 
                      ('OP_PERSEPHONE_CITY_ADDS_MODIFIER_FAITH', 'MODIFIER_ALL_CITIES_ATTACH_MODIFIER', 'CITY_FOLLOWS_PANTHEON_REQUIREMENTS') ;
INSERT OR IGNORE INTO ModifierArguments (ModifierId, Name, Value) VALUES 
                              ('OP_PERSEPHONE_CITY_ADDS_MODIFIER_FAITH', 'ModifierId', 'OP_PERSEPHONE_YIELD_FAITH') ;
INSERT OR IGNORE INTO Modifiers (ModifierId, ModifierType, SubjectRequirementSetId) VALUES 
                      ('OP_PERSEPHONE_YIELD_FAITH', 'MODIFIER_CITY_PLOT_YIELDS_ADJUST_PLOT_YIELD', 'DB_REQSET_IS_ANY_ARCTIC') ;
INSERT OR IGNORE INTO ModifierArguments (ModifierId, Name, Value) VALUES
							  ('OP_PERSEPHONE_YIELD_FAITH', 'YieldType', 'YIELD_FAITH'),
							  ('OP_PERSEPHONE_YIELD_FAITH', 'Amount', 1) ;


--  Standard Faith adjacency of 1 for Tundra, TundraHills, Snow, or SnowHills
--    Standard Holy Site Adjacency  //  1 FAITH for adjacent SNOW
INSERT OR IGNORE INTO BeliefModifiers (BeliefType, ModifierID) VALUES 
                            ('OP_PERSEPHONE', 'OP_PERSEPHONE_SNOW_HOLY_SITE_ADJACENCY') ;
INSERT OR IGNORE INTO Modifiers(ModifierId, ModifierType, SubjectRequirementSetId) VALUES 
                     ('OP_PERSEPHONE_SNOW_HOLY_SITE_ADJACENCY', 'MODIFIER_ALL_CITIES_TERRAIN_ADJACENCY', 'CITY_FOLLOWS_PANTHEON_REQUIREMENTS') ;
INSERT OR IGNORE INTO ModifierArguments(ModifierId, Name, Value) VALUES
							 ('OP_PERSEPHONE_SNOW_HOLY_SITE_ADJACENCY', 'DistrictType', 'DISTRICT_HOLY_SITE'),
							 ('OP_PERSEPHONE_SNOW_HOLY_SITE_ADJACENCY', 'Description', 'LOC_OP_DISTRICT_SNOW_OR_TUNDRA_FAITH'),
							 ('OP_PERSEPHONE_SNOW_HOLY_SITE_ADJACENCY', 'TerrainType', 'TERRAIN_SNOW'),
							 ('OP_PERSEPHONE_SNOW_HOLY_SITE_ADJACENCY', 'YieldType', 'YIELD_FAITH'),
                             ('OP_PERSEPHONE_SNOW_HOLY_SITE_ADJACENCY', 'Amount', 1) ;
--    Standard Holy Site Adjacency  //  1 FAITH for adjacent SNOW_HILLS
INSERT OR IGNORE INTO BeliefModifiers (BeliefType, ModifierID) VALUES 
                            ('OP_PERSEPHONE', 'OP_PERSEPHONE_SNOW_HILLS_HOLY_SITE_ADJACENCY') ;
INSERT OR IGNORE INTO Modifiers(ModifierId, ModifierType, SubjectRequirementSetId) VALUES 
                     ('OP_PERSEPHONE_SNOW_HILLS_HOLY_SITE_ADJACENCY', 'MODIFIER_ALL_CITIES_TERRAIN_ADJACENCY', 'CITY_FOLLOWS_PANTHEON_REQUIREMENTS') ;
INSERT OR IGNORE INTO ModifierArguments(ModifierId, Name, Value) VALUES
							 ('OP_PERSEPHONE_SNOW_HILLS_HOLY_SITE_ADJACENCY', 'DistrictType', 'DISTRICT_HOLY_SITE'),
							 ('OP_PERSEPHONE_SNOW_HILLS_HOLY_SITE_ADJACENCY', 'Description', 'LOC_OP_DISTRICT_SNOW_OR_TUNDRA_FAITH'),
							 ('OP_PERSEPHONE_SNOW_HILLS_HOLY_SITE_ADJACENCY', 'TerrainType', 'TERRAIN_SNOW_HILLS'),
							 ('OP_PERSEPHONE_SNOW_HILLS_HOLY_SITE_ADJACENCY', 'YieldType', 'YIELD_FAITH'),
                             ('OP_PERSEPHONE_SNOW_HILLS_HOLY_SITE_ADJACENCY', 'Amount', 1) ;
--    Standard Holy Site Adjacency  //  FAITH for adjacent TUNDRA
INSERT OR IGNORE INTO BeliefModifiers (BeliefType, ModifierID) VALUES 
                            ('OP_PERSEPHONE', 'OP_PERSEPHONE_TUNDRA_HOLY_SITE_ADJACENCY') ;
INSERT OR IGNORE INTO Modifiers(ModifierId, ModifierType, SubjectRequirementSetId) VALUES 
                     ('OP_PERSEPHONE_TUNDRA_HOLY_SITE_ADJACENCY', 'MODIFIER_ALL_CITIES_TERRAIN_ADJACENCY', 'CITY_FOLLOWS_PANTHEON_REQUIREMENTS') ;
INSERT OR IGNORE INTO ModifierArguments(ModifierId, Name, Value) VALUES
							 ('OP_PERSEPHONE_TUNDRA_HOLY_SITE_ADJACENCY', 'DistrictType', 'DISTRICT_HOLY_SITE'),
							 ('OP_PERSEPHONE_TUNDRA_HOLY_SITE_ADJACENCY', 'Description', 'LOC_OP_DISTRICT_SNOW_OR_TUNDRA_FAITH'),
							 ('OP_PERSEPHONE_TUNDRA_HOLY_SITE_ADJACENCY', 'TerrainType', 'TERRAIN_TUNDRA'),
							 ('OP_PERSEPHONE_TUNDRA_HOLY_SITE_ADJACENCY', 'YieldType', 'YIELD_FAITH'),
                             ('OP_PERSEPHONE_TUNDRA_HOLY_SITE_ADJACENCY', 'Amount', 1) ;
--    Standard Holy Site Adjacency  //  FAITH for adjacent TUNDRA_HILLS
INSERT OR IGNORE INTO BeliefModifiers (BeliefType, ModifierID) VALUES 
                            ('OP_PERSEPHONE', 'OP_PERSEPHONE_TUNDRA_HILLS_HOLY_SITE_ADJACENCY') ;
INSERT OR IGNORE INTO Modifiers(ModifierId, ModifierType, SubjectRequirementSetId) VALUES 
                     ('OP_PERSEPHONE_TUNDRA_HILLS_HOLY_SITE_ADJACENCY', 'MODIFIER_ALL_CITIES_TERRAIN_ADJACENCY', 'CITY_FOLLOWS_PANTHEON_REQUIREMENTS') ;
INSERT OR IGNORE INTO ModifierArguments(ModifierId, Name, Value) VALUES
							 ('OP_PERSEPHONE_TUNDRA_HILLS_HOLY_SITE_ADJACENCY', 'DistrictType', 'DISTRICT_HOLY_SITE'),
							 ('OP_PERSEPHONE_TUNDRA_HILLS_HOLY_SITE_ADJACENCY', 'Description', 'LOC_OP_DISTRICT_SNOW_OR_TUNDRA_FAITH'),
							 ('OP_PERSEPHONE_TUNDRA_HILLS_HOLY_SITE_ADJACENCY', 'TerrainType', 'TERRAIN_TUNDRA_HILLS'),
							 ('OP_PERSEPHONE_TUNDRA_HILLS_HOLY_SITE_ADJACENCY', 'YieldType', 'YIELD_FAITH'),
                             ('OP_PERSEPHONE_TUNDRA_HILLS_HOLY_SITE_ADJACENCY', 'Amount', 1) ;

-- ------------------------------------
--  Poseidon
-- ------------------------------------
INSERT OR IGNORE INTO Types (Type, Kind) VALUES ('OP_POSEIDON', 'KIND_BELIEF') ;  
INSERT OR IGNORE INTO Beliefs (BeliefType, Name, Description, BeliefClassType) VALUES ('OP_POSEIDON', 'LOC_OP_POSEIDON', 'LOC_OP_POSEIDON_DESCRIPTION', 'BELIEF_CLASS_PANTHEON') ;
--    3 PRODUCTION on OCEAN
INSERT OR IGNORE INTO BeliefModifiers (BeliefType, ModifierID) VALUES 
                            ('OP_POSEIDON', 'OP_POSEIDON_PRODUCTION_ON_OCEAN_CITY_APPLIES_MODIFIER') ;
INSERT OR IGNORE INTO Modifiers (ModifierId, ModifierType, SubjectRequirementSetId) VALUES 
                      ('OP_POSEIDON_PRODUCTION_ON_OCEAN_CITY_APPLIES_MODIFIER', 'MODIFIER_ALL_CITIES_ATTACH_MODIFIER', 'CITY_FOLLOWS_PANTHEON_REQUIREMENTS') ;
INSERT OR IGNORE INTO ModifierArguments (ModifierId, Name, Value) VALUES 
                              ('OP_POSEIDON_PRODUCTION_ON_OCEAN_CITY_APPLIES_MODIFIER', 'ModifierId', 'OP_POSEIDON_PRODUCTION_INCREASES_ON_OCEAN') ;
INSERT OR IGNORE INTO Modifiers (ModifierId, ModifierType, SubjectRequirementSetId) VALUES 
                      ('OP_POSEIDON_PRODUCTION_INCREASES_ON_OCEAN', 'MODIFIER_CITY_PLOT_YIELDS_ADJUST_PLOT_YIELD', 'DB_REQSET_IS_OCEAN') ;
INSERT OR IGNORE INTO ModifierArguments (ModifierId, Name, Value) VALUES
							  ('OP_POSEIDON_PRODUCTION_INCREASES_ON_OCEAN', 'YieldType', 'YIELD_PRODUCTION'),
							  ('OP_POSEIDON_PRODUCTION_INCREASES_ON_OCEAN', 'Amount', 3) ;
--    1 FAITH on OCEAN
INSERT OR IGNORE INTO BeliefModifiers (BeliefType, ModifierID) VALUES 
                            ('OP_POSEIDON', 'OP_POSEIDON_FAITH_ON_OCEAN_CITY_APPLIES_MODIFIER') ;
INSERT OR IGNORE INTO Modifiers (ModifierId, ModifierType, SubjectRequirementSetId) VALUES 
                      ('OP_POSEIDON_FAITH_ON_OCEAN_CITY_APPLIES_MODIFIER', 'MODIFIER_ALL_CITIES_ATTACH_MODIFIER', 'CITY_FOLLOWS_PANTHEON_REQUIREMENTS') ;
INSERT OR IGNORE INTO ModifierArguments (ModifierId, Name, Value) VALUES 
                              ('OP_POSEIDON_FAITH_ON_OCEAN_CITY_APPLIES_MODIFIER', 'ModifierId', 'OP_POSEIDON_FAITH_INCREASES_ON_OCEAN') ;
INSERT OR IGNORE INTO Modifiers (ModifierId, ModifierType, SubjectRequirementSetId) VALUES 
                      ('OP_POSEIDON_FAITH_INCREASES_ON_OCEAN', 'MODIFIER_CITY_PLOT_YIELDS_ADJUST_PLOT_YIELD', 'DB_REQSET_IS_OCEAN') ;
INSERT OR IGNORE INTO ModifierArguments (ModifierId, Name, Value) VALUES
							  ('OP_POSEIDON_FAITH_INCREASES_ON_OCEAN', 'YieldType', 'YIELD_FAITH'),
							  ('OP_POSEIDON_FAITH_INCREASES_ON_OCEAN', 'Amount', 1) ;
							  
--    3 PRODUCTION on HORSES
INSERT OR IGNORE INTO BeliefModifiers (BeliefType, ModifierID) VALUES 
                            ('OP_POSEIDON', 'OP_POSEIDON_PRODUCTION_ON_HORSES_CITY_APPLIES_MODIFIER') ;
INSERT OR IGNORE INTO Modifiers (ModifierId, ModifierType, SubjectRequirementSetId) VALUES 
                      ('OP_POSEIDON_PRODUCTION_ON_HORSES_CITY_APPLIES_MODIFIER', 'MODIFIER_ALL_CITIES_ATTACH_MODIFIER', 'CITY_FOLLOWS_PANTHEON_REQUIREMENTS') ;
INSERT OR IGNORE INTO ModifierArguments (ModifierId, Name, Value) VALUES 
                              ('OP_POSEIDON_PRODUCTION_ON_HORSES_CITY_APPLIES_MODIFIER', 'ModifierId', 'OP_POSEIDON_PRODUCTION_INCREASES_ON_HORSES') ;
INSERT OR IGNORE INTO Modifiers (ModifierId, ModifierType, SubjectRequirementSetId) VALUES 
                      ('OP_POSEIDON_PRODUCTION_INCREASES_ON_HORSES', 'MODIFIER_CITY_PLOT_YIELDS_ADJUST_PLOT_YIELD', 'DB_REQSET_HAS_HORSES') ;
INSERT OR IGNORE INTO ModifierArguments (ModifierId, Name, Value) VALUES
							  ('OP_POSEIDON_PRODUCTION_INCREASES_ON_HORSES', 'YieldType', 'YIELD_PRODUCTION'),
							  ('OP_POSEIDON_PRODUCTION_INCREASES_ON_HORSES', 'Amount', 3) ;
							  
--    1 FAITH on HORSES
INSERT OR IGNORE INTO BeliefModifiers (BeliefType, ModifierID) VALUES 
                            ('OP_POSEIDON', 'OP_POSEIDON_FAITH_ON_HORSES_CITY_APPLIES_MODIFIER') ;
INSERT OR IGNORE INTO Modifiers (ModifierId, ModifierType, SubjectRequirementSetId) VALUES 
                      ('OP_POSEIDON_FAITH_ON_HORSES_CITY_APPLIES_MODIFIER', 'MODIFIER_ALL_CITIES_ATTACH_MODIFIER', 'CITY_FOLLOWS_PANTHEON_REQUIREMENTS') ;
INSERT OR IGNORE INTO ModifierArguments (ModifierId, Name, Value) VALUES 
                              ('OP_POSEIDON_FAITH_ON_HORSES_CITY_APPLIES_MODIFIER', 'ModifierId', 'OP_POSEIDON_FAITH_INCREASES_ON_HORSES') ;
INSERT OR IGNORE INTO Modifiers (ModifierId, ModifierType, SubjectRequirementSetId) VALUES 
                      ('OP_POSEIDON_FAITH_INCREASES_ON_HORSES', 'MODIFIER_CITY_PLOT_YIELDS_ADJUST_PLOT_YIELD', 'DB_REQSET_HAS_HORSES') ;
INSERT OR IGNORE INTO ModifierArguments (ModifierId, Name, Value) VALUES
							  ('OP_POSEIDON_FAITH_INCREASES_ON_HORSES', 'YieldType', 'YIELD_FAITH'),
							  ('OP_POSEIDON_FAITH_INCREASES_ON_HORSES', 'Amount', 1) ;

--    Standard Holy Site Adjacency  //  FAITH for adjacent COAST
INSERT OR IGNORE INTO BeliefModifiers (BeliefType, ModifierID) VALUES 
                            ('OP_POSEIDON', 'OP_POSEIDON_COAST_HOLY_SITE_ADJACENCY') ;
INSERT OR IGNORE INTO Modifiers(ModifierId, ModifierType, SubjectRequirementSetId) VALUES 
                     ('OP_POSEIDON_COAST_HOLY_SITE_ADJACENCY', 'MODIFIER_ALL_CITIES_TERRAIN_ADJACENCY', 'CITY_FOLLOWS_PANTHEON_REQUIREMENTS') ;
INSERT OR IGNORE INTO ModifierArguments(ModifierId, Name, Value) VALUES
							 ('OP_POSEIDON_COAST_HOLY_SITE_ADJACENCY', 'DistrictType', 'DISTRICT_HOLY_SITE'),
							 ('OP_POSEIDON_COAST_HOLY_SITE_ADJACENCY', 'Description', 'LOC_OP_DISTRICT_WATER_FAITH'),
							 ('OP_POSEIDON_COAST_HOLY_SITE_ADJACENCY', 'TerrainType', 'TERRAIN_COAST'),
							 ('OP_POSEIDON_COAST_HOLY_SITE_ADJACENCY', 'YieldType', 'YIELD_FAITH'),
                             ('OP_POSEIDON_COAST_HOLY_SITE_ADJACENCY', 'Amount', 2) ;
--    Standard Holy Site Adjacency  //  FAITH for adjacent OCEAN
INSERT OR IGNORE INTO BeliefModifiers (BeliefType, ModifierID) VALUES 
                            ('OP_POSEIDON', 'OP_POSEIDON_OCEAN_HOLY_SITE_ADJACENCY') ;
INSERT OR IGNORE INTO Modifiers(ModifierId, ModifierType, SubjectRequirementSetId) VALUES 
                     ('OP_POSEIDON_OCEAN_HOLY_SITE_ADJACENCY', 'MODIFIER_ALL_CITIES_TERRAIN_ADJACENCY', 'CITY_FOLLOWS_PANTHEON_REQUIREMENTS') ;
INSERT OR IGNORE INTO ModifierArguments(ModifierId, Name, Value) VALUES
							 ('OP_POSEIDON_OCEAN_HOLY_SITE_ADJACENCY', 'DistrictType', 'DISTRICT_HOLY_SITE'),
							 ('OP_POSEIDON_OCEAN_HOLY_SITE_ADJACENCY', 'Description', 'LOC_OP_DISTRICT_WATER_FAITH'),
							 ('OP_POSEIDON_OCEAN_HOLY_SITE_ADJACENCY', 'TerrainType', 'TERRAIN_OCEAN'),
							 ('OP_POSEIDON_OCEAN_HOLY_SITE_ADJACENCY', 'YieldType', 'YIELD_FAITH'),
                             ('OP_POSEIDON_OCEAN_HOLY_SITE_ADJACENCY', 'Amount', 2) ;